{"name":"cef36b88-5db2-49cf-a23a-d1c95ce73198","id":"/providers/Microsoft.Flow/flows/cef36b88-5db2-49cf-a23a-d1c95ce73198","type":"Microsoft.Flow/flows","properties":{"apiId":"/providers/Microsoft.PowerApps/apis/shared_logicflows","displayName":"Flow_GetAttendees - TestHarness","definition":{"metadata":{"workflowEntityId":null,"processAdvisorMetadata":null,"flowChargedByPaygo":null,"flowclientsuspensionreason":"None","flowclientsuspensiontime":null,"flowclientsuspensionreasondetails":null,"creator":{"id":"ee4b2ae5-e2b0-4e42-a2fc-d17eac67369a","type":"User","tenantId":"7ffed34e-f98d-4f17-aee1-b52cb80697a9"},"provisioningMethod":"FromDefinition","failureAlertSubscription":true,"clientLastModifiedTime":"2024-04-03T05:45:20.6879409Z","connectionKeySavedTimeKey":"2024-04-03T05:45:20.6879409Z"},"$schema":"https://schema.management.azure.com/providers/Microsoft.Logic/schemas/2016-06-01/workflowdefinition.json#","contentVersion":"1.0.0.0","parameters":{"$connections":{"defaultValue":{},"type":"Object"},"$authentication":{"defaultValue":{},"type":"SecureObject"}},"triggers":{"manual":{"metadata":{"operationMetadataId":"f4574cc7-c4b2-42cb-8bb7-c1e0a5a6371b"},"type":"Request","kind":"Button","inputs":{"schema":{"type":"object","properties":{},"required":[]}}}},"actions":{"List_rows-wasetable__april1__systemuser":{"runAfter":{},"metadata":{"operationMetadataId":"124efde2-26e3-4228-9c11-8ec130b3bceb"},"type":"OpenApiConnection","inputs":{"host":{"apiId":"/providers/Microsoft.PowerApps/apis/shared_commondataserviceforapps","connectionName":"shared_commondataserviceforapps","operationId":"ListRecords"},"parameters":{"entityName":"crea6_wasetable_april1_systemuserset","$filter":"crea6_wasetable_april1id eq 'faf99134-f6ef-ee11-a1fd-002248d4f904'"},"authentication":"@parameters('$authentication')"}},"Apply_to_each-wasetable__april1__systemuser":{"foreach":"@outputs('List_rows-wasetable__april1__systemuser')?['body/value']","actions":{"Compose-systemuserid":{"runAfter":{},"metadata":{"operationMetadataId":"a527377b-a910-4e73-a224-34ea86eaaefd"},"type":"Compose","inputs":"@items('Apply_to_each-wasetable__april1__systemuser')?['systemuserid']"},"Set_variable-UserId":{"runAfter":{"Compose-systemuserid":["Succeeded"]},"metadata":{"operationMetadataId":"073f56b0-aa5f-419b-92ed-70dd8001e4a1"},"type":"SetVariable","inputs":{"name":"varUserId","value":"@{outputs('Compose-systemuserid')}"}},"Get_a_row_by_ID-Users":{"runAfter":{"Set_variable-UserId":["Succeeded"]},"metadata":{"operationMetadataId":"b43c9dc9-0bb9-4858-95ff-795fa67b7791"},"type":"OpenApiConnection","inputs":{"host":{"apiId":"/providers/Microsoft.PowerApps/apis/shared_commondataserviceforapps","connectionName":"shared_commondataserviceforapps","operationId":"GetItem"},"parameters":{"entityName":"systemusers","recordId":"@variables('varUserId')"},"authentication":"@parameters('$authentication')"}},"Set_variable-AllEmails":{"runAfter":{"Compose-AddComma":["Succeeded"]},"metadata":{"operationMetadataId":"8418a8fd-8858-49f1-b725-b03c2144d27e"},"type":"SetVariable","inputs":{"name":"varAllEmails","value":"@{outputs('Compose-AddComma')}"}},"Set_variable-varCurrentEmail":{"runAfter":{"Get_a_row_by_ID-Users":["Succeeded"]},"metadata":{"operationMetadataId":"b1074cb0-825e-4c2d-b682-2f3244fafcb8"},"type":"SetVariable","inputs":{"name":"varCurrentEmail","value":"@outputs('Get_a_row_by_ID-Users')?['body/internalemailaddress']"}},"Compose-AddComma":{"runAfter":{"Set_variable-varCurrentEmail":["Succeeded"]},"metadata":{"operationMetadataId":"5e2d08bc-aa18-41da-9c00-560b827dc6fc"},"type":"Compose","inputs":"@concat(variables('varAllEmails'),variables('varCurrentEmail'),',')"}},"runAfter":{"Initialize_variable-CurrentEmail":["Succeeded"]},"metadata":{"operationMetadataId":"1477f2c5-1c36-49dc-a85d-2af3a764f6de"},"type":"Foreach"},"Initialize_variable-UserId":{"runAfter":{"List_rows-wasetable__april1__systemuser":["Succeeded"]},"metadata":{"operationMetadataId":"e74af430-eac6-40ec-b381-aaa6cc6a60d1"},"type":"InitializeVariable","inputs":{"variables":[{"name":"varUserId","type":"string"}]}},"Initialize_variable-AllEmail":{"runAfter":{"Initialize_variable-UserId":["Succeeded"]},"metadata":{"operationMetadataId":"71bd5d10-fc0e-4932-b979-f5824acc6fce"},"type":"InitializeVariable","inputs":{"variables":[{"name":"varAllEmails","type":"string"}]}},"Initialize_variable-CurrentEmail":{"runAfter":{"Initialize_variable-AllEmail":["Succeeded"]},"metadata":{"operationMetadataId":"f07bc5fa-50a7-4290-bf53-d1b916557617"},"type":"InitializeVariable","inputs":{"variables":[{"name":"varCurrentEmail","type":"string"}]}},"Compose":{"runAfter":{"Apply_to_each-wasetable__april1__systemuser":["Succeeded"]},"metadata":{"operationMetadataId":"72ff06f1-0d60-40fa-92e7-041ddca0a6f0"},"type":"Compose","inputs":"@variables('varAllEmails')"},"Select":{"runAfter":{"Compose":["Succeeded"]},"metadata":{"operationMetadataId":"1ff798f0-a67e-4f49-8d14-1a108c575132"},"type":"Select","inputs":{"from":"@outputs('Compose')","select":{"Emails":"@variables('varCurrentEmail')"}}}}},"connectionReferences":{"shared_commondataserviceforapps":{"connectionName":"shared-commondataser-6fdb6ad7-8639-4cb9-98d9-113a0e2aa4a6","source":"Embedded","id":"/providers/Microsoft.PowerApps/apis/shared_commondataserviceforapps","tier":"NotSpecified"}},"flowFailureAlertSubscribed":false,"isManaged":false}}