<ImportExportXml xmlns:xsi="http://www.w3.org/2001/XMLSchema-instance">
  <Entities>
    <Entity>
      <Name LocalizedName="Instruction Project" OriginalName="Instruction Project">crea6_InstructionProject</Name>
      <EntityInfo>
        <entity Name="crea6_InstructionProject" unmodified="1">
          <attributes />
        </entity>
      </EntityInfo>
      <RibbonDiffXml>
        <CustomActions>
          <CustomAction Id="new.crea6_instructionproject.Button2.Button.CustomAction" Location="Mscrm.Form.crea6_instructionproject.MainTab.Save.Controls._children" Sequence="15">
            <CommandUIDefinition>
              <Button Command="new.crea6_instructionproject.Command0.Command" Id="new.crea6_instructionproject.Button2.Button" LabelText="$LocLabels:new.crea6_instructionproject.Button2.Button.LabelText" Sequence="15" TemplateAlias="o1" />
            </CommandUIDefinition>
          </CustomAction>
          <CustomAction Id="new.crea6_instructionproject.Button4.Button.CustomAction" Location="Mscrm.Form.crea6_instructionproject.MainTab.Save.Controls._children" Sequence="18">
            <CommandUIDefinition>
              <Button Id="new.crea6_instructionproject.Button4.Button" LabelText="$LocLabels:new.crea6_instructionproject.Button4.Button.LabelText" Sequence="18" TemplateAlias="o1" />
            </CommandUIDefinition>
          </CustomAction>
        </CustomActions>
        <Templates>
          <RibbonTemplates Id="Mscrm.Templates"></RibbonTemplates>
        </Templates>
        <CommandDefinitions>
          <CommandDefinition Id="new.crea6_instructionproject.Command0.Command">
            <EnableRules />
            <DisplayRules />
            <Actions>
              <JavaScriptFunction FunctionName="createmeeting" Library="$webresource:new_HeliosIP_Project">
                <CrmParameter Value="PrimaryControl" />
              </JavaScriptFunction>
            </Actions>
          </CommandDefinition>
          <CommandDefinition Id="new.crea6_instructionproject.Command1.Command">
            <EnableRules />
            <DisplayRules />
            <Actions>
              <JavaScriptFunction FunctionName="createmeeting" Library="$webresource:new_HeliosIP_Project">
                <CrmParameter Value="PrimaryControl" />
              </JavaScriptFunction>
            </Actions>
          </CommandDefinition>
        </CommandDefinitions>
        <RuleDefinitions>
          <TabDisplayRules />
          <DisplayRules />
          <EnableRules />
        </RuleDefinitions>
        <LocLabels>
          <LocLabel Id="new.crea6_instructionproject.Button2.Button.LabelText">
            <Titles>
              <Title description="Meet" languagecode="1033" />
            </Titles>
          </LocLabel>
          <LocLabel Id="new.crea6_instructionproject.Button4.Button.LabelText">
            <Titles>
              <Title description="Test_Button " languagecode="1033" />
            </Titles>
          </LocLabel>
        </LocLabels>
      </RibbonDiffXml>
    </Entity>
  </Entities>
  <Roles></Roles>
  <Workflows></Workflows>
  <FieldSecurityProfiles></FieldSecurityProfiles>
  <Templates />
  <EntityMaps />
  <EntityRelationships />
  <OrganizationSettings />
  <optionsets />
  <WebResources>
    <WebResource>
      <WebResourceId>{95d47e22-bfb6-ee11-9078-0022486e6d69}</WebResourceId>
      <Name>new_HeliosIP_Project</Name>
      <DisplayName>InstructionProject_CreateMeeting</DisplayName>
      <LanguageCode>0</LanguageCode>
      <WebResourceType>3</WebResourceType>
      <IntroducedVersion>1.0.0.0</IntroducedVersion>
      <IsEnabledForMobileClient>0</IsEnabledForMobileClient>
      <IsAvailableForMobileOffline>0</IsAvailableForMobileOffline>
      <IsCustomizable>1</IsCustomizable>
      <CanBeDeleted>1</CanBeDeleted>
      <IsHidden>0</IsHidden>
      <FileName>/WebResources/new_HeliosIP_Project95D47E22-BFB6-EE11-9078-0022486E6D69</FileName>
    </WebResource>
  </WebResources>
  <CustomControls />
  <AppModules>
    <AppModule>
      <UniqueName>new_Instruction_Project</UniqueName>
      <IntroducedVersion>1.0.0.0</IntroducedVersion>
      <WebResourceId>953b9fac-1e5e-e611-80d6-00155ded156f</WebResourceId>
      <OptimizedFor></OptimizedFor>
      <statecode>0</statecode>
      <statuscode>1</statuscode>
      <FormFactor>1</FormFactor>
      <ClientType>4</ClientType>
      <NavigationType>0</NavigationType>
      <AppModuleComponents>
        <AppModuleComponent type="1" schemaName="crea6_instructionproject" />
        <AppModuleComponent type="62" schemaName="new_Instruction_Project" />
      </AppModuleComponents>
      <AppModuleRoleMaps>
        <Role id="{627090ff-40a3-4053-8790-584edc5be201}" />
        <Role id="{119f245c-3cc8-4b62-b31c-d1a046ced15d}" />
      </AppModuleRoleMaps>
      <LocalizedNames>
        <LocalizedName description="Instruction_Project" languagecode="1033" />
      </LocalizedNames>
      <Descriptions>
        <Description description="Streamline your project instructions with Instruction_Project. This app is designed to efficiently organize and manage your instruction projects, enhancing productivity and project execution." languagecode="1033" />
      </Descriptions>
      <appsettings>
        <appsetting settingdefinitionid.uniquename="AppChannel">
          <iscustomizable>1</iscustomizable>
          <value>1</value>
        </appsetting>
      </appsettings>
    </AppModule>
  </AppModules>
  <EntityDataProviders />
  <Languages>
    <Language>1033</Language>
  </Languages>
</ImportExportXml>