{"name":"74350cc1-fc2b-44c9-bfae-a775d6bde15c","id":"/providers/Microsoft.Flow/flows/74350cc1-fc2b-44c9-bfae-a775d6bde15c","type":"Microsoft.Flow/flows","properties":{"apiId":"/providers/Microsoft.PowerApps/apis/shared_logicflows","displayName":"Flow_TestSubstring","definition":{"metadata":{"workflowEntityId":null,"processAdvisorMetadata":null,"flowChargedByPaygo":null,"flowclientsuspensionreason":"None","flowclientsuspensiontime":null,"flowclientsuspensionreasondetails":null,"creator":{"id":"ee4b2ae5-e2b0-4e42-a2fc-d17eac67369a","type":"User","tenantId":"7ffed34e-f98d-4f17-aee1-b52cb80697a9"},"provisioningMethod":"FromDefinition","failureAlertSubscription":true,"clientLastModifiedTime":"2024-04-05T09:28:19.1712981Z","connectionKeySavedTimeKey":"2024-04-05T09:28:19.1712981Z"},"$schema":"https://schema.management.azure.com/providers/Microsoft.Logic/schemas/2016-06-01/workflowdefinition.json#","contentVersion":"1.0.0.0","parameters":{"$authentication":{"defaultValue":{},"type":"SecureObject"}},"triggers":{"manual":{"metadata":{"operationMetadataId":"94cb7fa1-c0fa-467e-91cf-cb6221863380"},"type":"Request","kind":"Button","inputs":{"schema":{"type":"object","properties":{},"required":[]}}}},"actions":{"Scope":{"actions":{"Set_variable-varPosition":{"runAfter":{},"metadata":{"operationMetadataId":"29866f97-b158-4a85-acc3-db6a2b00835c"},"type":"SetVariable","inputs":{"name":"varPosition","value":"@add(IndexOf(variables('ItemLink'),'&id='),4)"}},"Set_variable-TotalLength":{"runAfter":{"Set_variable-varPosition":["Succeeded"]},"metadata":{"operationMetadataId":"7c1ebbce-71d0-496f-a0ff-588051fc7c51"},"type":"SetVariable","inputs":{"name":"varTotalLenght","value":"@length(variables('ItemLink'))"}},"Substring-Get_Item_Id_":{"runAfter":{"Set_variable-TotalLength":["Succeeded"]},"metadata":{"operationMetadataId":"90a322e0-a25c-4bfe-85aa-f773a1ad09e8"},"type":"Expression","kind":"Substring","inputs":{"text":"@variables('ItemLink')","startingPosition":"@variables('varPosition')","length":"@sub(variables('varTotalLenght'), variables('varPosition'))"}},"Set_variable-varId":{"runAfter":{"Substring-Get_Item_Id_":["Succeeded"]},"metadata":{"operationMetadataId":"d34258a5-c428-40fa-953e-1fc526001001"},"type":"SetVariable","inputs":{"name":"varId","value":"@body('Substring-Get_Item_Id_')"}}},"runAfter":{"Initialize_variable":["Succeeded"]},"metadata":{"operationMetadataId":"e71dec5b-8bbb-4a85-956a-d15065018487"},"type":"Scope"},"Initialize_variable-ItemLink":{"runAfter":{},"metadata":{"operationMetadataId":"1c843574-9642-42bf-b93e-c2153dba82a3"},"type":"InitializeVariable","inputs":{"variables":[{"name":"ItemLink","type":"string","value":"https://org5ae60135.crm8.dynamics.com/main.aspx?appid=f1d042fe-f5ef-ee11-a1fd-002248d4f904&pagetype=entityrecord&etn=crea6_wasetable_april1&id=faf99134-f6ef-ee11-a1fd-002248d4f904"}]}},"Initialize_variable-Position":{"runAfter":{"Initialize_variable-ItemLink":["Succeeded"]},"metadata":{"operationMetadataId":"a6239436-889f-4a3e-bad4-a58ee7f95742"},"type":"InitializeVariable","inputs":{"variables":[{"name":"varPosition","type":"integer"}]}},"Initialize_variable-TotalLength":{"runAfter":{"Initialize_variable-Position":["Succeeded"]},"metadata":{"operationMetadataId":"fa695c2b-64a7-4f90-a970-a6016b22f77e"},"type":"InitializeVariable","inputs":{"variables":[{"name":"varTotalLenght","type":"integer","value":"@length(variables('ItemLink'))"}]}},"Initialize_variable":{"runAfter":{"Initialize_variable-TotalLength":["Succeeded"]},"metadata":{"operationMetadataId":"a6239436-889f-4a3e-bad4-a58ee7f95742"},"type":"InitializeVariable","inputs":{"variables":[{"name":"varId","type":"string"}]}}}},"connectionReferences":{},"flowFailureAlertSubscribed":false,"isManaged":false}}