{"name":"5d91749a-f9ab-4938-b4cb-0c324a4862dc","id":"/providers/Microsoft.Flow/flows/5d91749a-f9ab-4938-b4cb-0c324a4862dc","type":"Microsoft.Flow/flows","properties":{"apiId":"/providers/Microsoft.PowerApps/apis/shared_logicflows","displayName":"Flow_Edit_Employee","definition":{"metadata":{"workflowEntityId":null,"processAdvisorMetadata":null,"flowChargedByPaygo":null,"flowclientsuspensionreason":"None","flowclientsuspensiontime":null,"flowclientsuspensionreasondetails":null,"creator":{"id":"ee4b2ae5-e2b0-4e42-a2fc-d17eac67369a","type":"User","tenantId":"7ffed34e-f98d-4f17-aee1-b52cb80697a9"},"provisioningMethod":"FromDefinition","failureAlertSubscription":true,"clientLastModifiedTime":"2023-12-13T09:37:26.2679779Z","connectionKeySavedTimeKey":"2023-12-13T09:37:26.2679779Z"},"$schema":"https://schema.management.azure.com/providers/Microsoft.Logic/schemas/2016-06-01/workflowdefinition.json#","contentVersion":"1.0.0.0","parameters":{"$connections":{"defaultValue":{},"type":"Object"},"$authentication":{"defaultValue":{},"type":"SecureObject"}},"triggers":{"manual":{"metadata":{"operationMetadataId":"42a160b1-0eae-44ef-bbb0-bb21fd702b4e"},"type":"Request","kind":"Http","inputs":{"schema":{"type":"object","properties":{"EmployeesID":{"type":"string"},"FirstName":{"type":"string"},"LastName":{"type":"string"},"Title":{"type":"string"},"Message":{"type":"string"},"Timezone":{"type":"string"},"StartDate":{"type":"string"},"EndDate":{"type":"string"},"Attendees":{"type":"string"}}},"triggerAuthenticationType":"All"},"conditions":[]}},"actions":{"Initialize_variable":{"runAfter":{"List_rows":["Succeeded"]},"metadata":{"operationMetadataId":"ae5475d5-9e1f-4deb-a0b7-aae14873d25f"},"type":"InitializeVariable","inputs":{"variables":[{"name":"IsDuplicate","type":"integer","value":"@length(outputs('List_rows')?['body/value'])"}]}},"List_rows":{"runAfter":{},"metadata":{"operationMetadataId":"2872f088-ed55-415e-959b-efb1629ed156"},"type":"OpenApiConnection","inputs":{"host":{"apiId":"/providers/Microsoft.PowerApps/apis/shared_commondataserviceforapps","connectionName":"shared_commondataserviceforapps","operationId":"ListRecords"},"parameters":{"entityName":"crea6_employeeses","$filter":"crea6_employeeid eq '@{triggerBody()?['EmployeesID']}' "},"authentication":"@parameters('$authentication')"}},"Apply_to_each":{"foreach":"@outputs('List_rows')?['body/value']","actions":{"Update_a_row":{"runAfter":{},"metadata":{"operationMetadataId":"1a167320-26bc-41cf-8ad6-49174f7d589f"},"type":"OpenApiConnection","inputs":{"host":{"apiId":"/providers/Microsoft.PowerApps/apis/shared_commondataserviceforapps","connectionName":"shared_commondataserviceforapps","operationId":"UpdateRecord"},"parameters":{"entityName":"crea6_employeeses","recordId":"@items('Apply_to_each')?['crea6_employeesid']","item/crea6_id":"@triggerBody()?['EmployeesID']","item/crea6_attendees":"@triggerBody()?['Attendees']","item/crea6_employeeid":"@triggerBody()?['EmployeesID']","item/crea6_enddate":"@triggerBody()?['EndDate']","item/crea6_firstname":"@triggerBody()?['FirstName']","item/crea6_lastname":"@triggerBody()?['LastName']","item/crea6_message":"@triggerBody()?['Message']","item/crea6_startdate":"@triggerBody()?['StartDate']","item/crea6_timezone":"@triggerBody()?['Timezone']","item/crea6_title":"@triggerBody()?['Title']"},"authentication":"@parameters('$authentication')"}}},"runAfter":{"Initialize_variable":["Succeeded"]},"metadata":{"operationMetadataId":"69c35312-930c-439d-953c-9c37c1b5db7f"},"type":"Foreach"}}},"connectionReferences":{"shared_commondataserviceforapps":{"connectionName":"shared-commondataser-6fdb6ad7-8639-4cb9-98d9-113a0e2aa4a6","source":"Embedded","id":"/providers/Microsoft.PowerApps/apis/shared_commondataserviceforapps","tier":"NotSpecified"}},"flowFailureAlertSubscribed":false,"isManaged":false}}