﻿"crea6_instructionsconfirmeddate","crea6_annuitiesid","importsequencenumber","crea6_instructionsconfirmed","crea6_instructionsconfirmedby","crea6_instructionstype","statuscode","statecode","timezoneruleversionnumber","utcconversiontimezonecode","versionnumber","crea6_instructionproject","owningbusinessunit"
"2024-03-13 18:30:00.0000000","66a0286a-c3e1-ee11-904c-002248d4f904","","Ansar Shaikh","Wase Kamil","Owner","1","0","0","","7535679","3bc04118-c3e1-ee11-904c-002248d4f904","ba097438-ed0a-ed11-b83c-000d3af0653b"
"2024-01-31 18:30:00.0000000","71238834-ccc0-ee11-9079-0022486e6d69","","Ansar Shaikh","Kamil Shaikh","England","1","0","0","","7535664","","ba097438-ed0a-ed11-b83c-000d3af0653b"
"2024-01-29 18:30:00.0000000","21949fe3-aaba-ee11-9079-0022486e6d69","","Ansar shaikh123","Kamil shaikh","Siemens Corp","1","0","0","","7535660","","ba097438-ed0a-ed11-b83c-000d3af0653b"
"2024-02-13 18:30:00.0000000","b5ee96b4-01cb-ee11-9078-7c1e520f16ae","","Kamil Shaikh","Ansar Shaikh","Owner","1","0","0","","7358701","b9956cb8-36ca-ee11-9078-7c1e520f16ae","ba097438-ed0a-ed11-b83c-000d3af0653b"
"2024-02-20 18:30:00.0000000","ff3af811-a3d0-ee11-904c-7c1e520f16ae","","Intekhab Shaikh","Ansar Shaikh","Client","1","0","0","","7352639","c4f5922e-8fd0-ee11-904c-7c1e520f16ae","ba097438-ed0a-ed11-b83c-000d3af0653b"
"2024-02-14 18:30:00.0000000","5861d904-d1cb-ee11-9078-7c1e520f16ae","","Ansar Shaikh","Kamilshaikh","Owner 1","1","0","0","","7322039","","ba097438-ed0a-ed11-b83c-000d3af0653b"
"2024-02-01 18:30:00.0000000","5da82587-cec1-ee11-9079-0022486e6d69","","AnsarShaikh","Kamil Shaikh","Canada","1","0","0","","7274422","8e422e67-cec1-ee11-9079-0022486e6d69","ba097438-ed0a-ed11-b83c-000d3af0653b"
"2024-01-28 18:30:00.0000000","ec084ee1-16bd-ee11-9079-0022486e6d69","","Wase Kamil 123","Shaikh Ansar","SpringupLabs Comp.","1","0","0","","7012589","","ba097438-ed0a-ed11-b83c-000d3af0653b"
"2024-01-23 18:30:00.0000000","914a923b-a9ba-ee11-9079-0022486e6d69","","Ansar Shaikh","Kamil Shaikh","Owner 1","1","0","0","","7004745","","ba097438-ed0a-ed11-b83c-000d3af0653b"
"2024-01-23 18:30:00.0000000","5c5e143e-aaba-ee11-9079-0022486e6d69","","Ankush Khaje","Ansar Shaikh","Siemens Corp","1","0","0","","6990021","","ba097438-ed0a-ed11-b83c-000d3af0653b"
