{"name":"0acfc22a-af0e-422c-a040-7ae752b3bf57","id":"/providers/Microsoft.Flow/flows/0acfc22a-af0e-422c-a040-7ae752b3bf57","type":"Microsoft.Flow/flows","properties":{"apiId":"/providers/Microsoft.PowerApps/apis/shared_logicflows","displayName":"FlowCheckAddDelete","definition":{"metadata":{"workflowEntityId":null,"processAdvisorMetadata":null,"flowChargedByPaygo":null,"flowclientsuspensionreason":"None","flowclientsuspensiontime":null,"flowclientsuspensionreasondetails":null,"creator":{"id":"ee4b2ae5-e2b0-4e42-a2fc-d17eac67369a","type":"User","tenantId":"7ffed34e-f98d-4f17-aee1-b52cb80697a9"},"provisioningMethod":"FromDefinition","failureAlertSubscription":true,"clientLastModifiedTime":"2023-12-13T06:33:29.4927146Z","connectionKeySavedTimeKey":"2023-12-13T06:33:29.4927146Z"},"$schema":"https://schema.management.azure.com/providers/Microsoft.Logic/schemas/2016-06-01/workflowdefinition.json#","contentVersion":"1.0.0.0","parameters":{"$connections":{"defaultValue":{},"type":"Object"},"$authentication":{"defaultValue":{},"type":"SecureObject"}},"triggers":{"manual":{"metadata":{"operationMetadataId":"42a160b1-0eae-44ef-bbb0-bb21fd702b4e"},"type":"Request","kind":"Http","inputs":{"schema":{"type":"object","properties":{"EmployeesID":{"type":"string"},"FirstName":{"type":"string"},"LastName":{"type":"string"},"Title":{"type":"string"},"Message":{"type":"string"},"Timezone":{"type":"string"},"StartDate":{"type":"string"},"EndDate":{"type":"string"},"Attendees":{"type":"string"},"Delete":{"type":"string"}}},"triggerAuthenticationType":"All"},"conditions":[]}},"actions":{"Condition":{"actions":{"Apply_to_each":{"foreach":"@outputs('List_rows')?['body/value']","actions":{"Condition_2":{"actions":{"Delete_a_row":{"runAfter":{},"metadata":{"operationMetadataId":"a7a77a40-f19c-48f0-8dd4-9cd7abc7f3b7"},"type":"OpenApiConnection","inputs":{"host":{"apiId":"/providers/Microsoft.PowerApps/apis/shared_commondataserviceforapps","connectionName":"shared_commondataserviceforapps","operationId":"DeleteRecord"},"parameters":{"entityName":"crea6_employeeses","recordId":"@items('Apply_to_each')?['crea6_employeesid']"},"authentication":"@parameters('$authentication')"}}},"runAfter":{},"else":{"actions":{"Update_a_row":{"runAfter":{},"metadata":{"operationMetadataId":"1a167320-26bc-41cf-8ad6-49174f7d589f"},"type":"OpenApiConnection","inputs":{"host":{"apiId":"/providers/Microsoft.PowerApps/apis/shared_commondataserviceforapps","connectionName":"shared_commondataserviceforapps","operationId":"UpdateRecord"},"parameters":{"entityName":"crea6_employeeses","recordId":"@items('Apply_to_each')?['crea6_employeesid']","item/crea6_id":"@triggerBody()?['EmployeesID']","item/crea6_attendees":"@triggerBody()?['Attendees']","item/crea6_employeeid":"@triggerBody()?['EmployeesID']","item/crea6_enddate":"@triggerBody()?['EndDate']","item/crea6_firstname":"@triggerBody()?['FirstName']","item/crea6_lastname":"@triggerBody()?['LastName']","item/crea6_message":"@triggerBody()?['Message']","item/crea6_startdate":"@triggerBody()?['StartDate']","item/crea6_timezone":"@triggerBody()?['Timezone']","item/crea6_title":"@triggerBody()?['Title']"},"authentication":"@parameters('$authentication')"}}}},"expression":{"equals":["@triggerBody()?['Delete']",1]},"metadata":{"operationMetadataId":"90b95ca2-05a3-4044-8f49-34f41320bcd1"},"type":"If"}},"runAfter":{},"metadata":{"operationMetadataId":"50ca68b8-1e9d-44aa-9852-2df087d4a316"},"type":"Foreach"}},"runAfter":{"Initialize_variable":["Succeeded"]},"else":{"actions":{"Add_a_new_row":{"runAfter":{},"metadata":{"operationMetadataId":"2e81340a-0474-4d62-8a14-e9edcddec0c1"},"type":"OpenApiConnection","inputs":{"host":{"apiId":"/providers/Microsoft.PowerApps/apis/shared_commondataserviceforapps","connectionName":"shared_commondataserviceforapps","operationId":"CreateRecord"},"parameters":{"entityName":"crea6_employeeses","item/crea6_id":"@triggerBody()?['EmployeesID']","item/crea6_attendees":"@triggerBody()?['Attendees']","item/crea6_employeeid":"@triggerBody()?['EmployeesID']","item/crea6_enddate":"@triggerBody()?['EndDate']","item/crea6_firstname":"@triggerBody()?['FirstName']","item/crea6_lastname":"@triggerBody()?['LastName']","item/crea6_message":"@triggerBody()?['Message']","item/crea6_startdate":"@triggerBody()?['StartDate']","item/crea6_timezone":"@triggerBody()?['Timezone']","item/crea6_title":"@triggerBody()?['Title']"},"authentication":"@parameters('$authentication')"}}}},"expression":{"greaterOrEquals":["@variables('IsDuplicate')",1]},"metadata":{"operationMetadataId":"52dd3ca1-ec11-4e6c-8b8c-8f09b2fa2706"},"type":"If"},"Initialize_variable":{"runAfter":{"List_rows":["Succeeded"]},"metadata":{"operationMetadataId":"ae5475d5-9e1f-4deb-a0b7-aae14873d25f"},"type":"InitializeVariable","inputs":{"variables":[{"name":"IsDuplicate","type":"integer","value":"@length(outputs('List_rows')?['body/value'])"}]}},"List_rows":{"runAfter":{},"metadata":{"operationMetadataId":"2872f088-ed55-415e-959b-efb1629ed156"},"type":"OpenApiConnection","inputs":{"host":{"apiId":"/providers/Microsoft.PowerApps/apis/shared_commondataserviceforapps","connectionName":"shared_commondataserviceforapps","operationId":"ListRecords"},"parameters":{"entityName":"crea6_employeeses","$filter":"crea6_employeeid eq '@{triggerBody()?['EmployeesID']}' "},"authentication":"@parameters('$authentication')"}}}},"connectionReferences":{"shared_commondataserviceforapps":{"connectionName":"shared-commondataser-6fdb6ad7-8639-4cb9-98d9-113a0e2aa4a6","source":"Embedded","id":"/providers/Microsoft.PowerApps/apis/shared_commondataserviceforapps","tier":"NotSpecified"}},"flowFailureAlertSubscribed":false,"isManaged":false}}