{"name":"c23d4cbf-22e2-450a-b880-89f9ef3948e9","id":"/providers/Microsoft.Flow/flows/c23d4cbf-22e2-450a-b880-89f9ef3948e9","type":"Microsoft.Flow/flows","properties":{"apiId":"/providers/Microsoft.PowerApps/apis/shared_logicflows","displayName":"AddDataInDynamics","definition":{"metadata":{"workflowEntityId":null,"processAdvisorMetadata":null,"flowChargedByPaygo":null,"flowclientsuspensionreason":"None","flowclientsuspensiontime":null,"flowclientsuspensionreasondetails":null,"creator":{"id":"ee4b2ae5-e2b0-4e42-a2fc-d17eac67369a","type":"User","tenantId":"7ffed34e-f98d-4f17-aee1-b52cb80697a9"},"provisioningMethod":"FromDefinition","failureAlertSubscription":true,"clientLastModifiedTime":"2023-12-12T05:23:45.4403243Z","connectionKeySavedTimeKey":"2023-12-12T05:23:45.4403243Z"},"$schema":"https://schema.management.azure.com/providers/Microsoft.Logic/schemas/2016-06-01/workflowdefinition.json#","contentVersion":"1.0.0.0","parameters":{"$connections":{"defaultValue":{},"type":"Object"},"$authentication":{"defaultValue":{},"type":"SecureObject"}},"triggers":{"manual":{"metadata":{"operationMetadataId":"e500bdb2-fbbf-4542-a2d6-1d491c9bbd61"},"type":"Request","kind":"Http","inputs":{"schema":{"type":"object","properties":{"EmployeeID":{"type":"string"},"FirstName":{"type":"string"},"LastName":{"type":"string"}}},"triggerAuthenticationType":"All"}}},"actions":{"Add_a_new_row":{"runAfter":{},"metadata":{"operationMetadataId":"52f0eec7-cb0f-4d4f-ae70-2bdda317ff58"},"type":"OpenApiConnection","inputs":{"host":{"apiId":"/providers/Microsoft.PowerApps/apis/shared_commondataserviceforapps","connectionName":"shared_commondataserviceforapps","operationId":"CreateRecord"},"parameters":{"entityName":"crea6_employeeses","item/crea6_id":"@triggerBody()?['EmployeeID']","item/crea6_employeeid":"@triggerBody()?['EmployeeID']","item/crea6_firstname":"@triggerBody()?['FirstName']","item/crea6_lastname":"@triggerBody()?['LastName']"},"authentication":"@parameters('$authentication')"}}}},"connectionReferences":{"shared_commondataserviceforapps":{"connectionName":"shared-commondataser-8e529a8c-c5f4-40fc-b3f6-eac042891712","source":"Embedded","id":"/providers/Microsoft.PowerApps/apis/shared_commondataserviceforapps","tier":"NotSpecified"}},"flowFailureAlertSubscribed":false,"isManaged":false}}