<ImportExportXml xmlns:xsi="http://www.w3.org/2001/XMLSchema-instance">
  <Entities>
    <Entity>
      <Name LocalizedName="Employees" OriginalName="Employees">crea6_Employees</Name>
      <EntityInfo>
        <entity Name="crea6_Employees" unmodified="1">
          <attributes />
        </entity>
      </EntityInfo>
      <FormXml>
        <forms type="main">
          <systemform>
            <formid>{b18a54a6-eb76-ee11-8179-0022486e6d69}</formid>
            <IntroducedVersion>1.0.0.0</IntroducedVersion>
            <FormPresentation>1</FormPresentation>
            <FormActivationState>1</FormActivationState>
            <form headerdensity="HighWithControls">
              <tabs>
                <tab verticallayout="true" id="{73e39fcf-2aba-40d3-af9c-020b3d955287}" IsUserDefined="1" labelid="{26556b4e-6837-4592-836d-eb679dbdea95}">
                  <labels>
                    <label description="General" languagecode="1033" />
                  </labels>
                  <columns>
                    <column width="100%">
                      <sections>
                        <section showlabel="false" showbar="false" IsUserDefined="0" id="{81f9da76-ce13-4e89-83cb-218a362691fb}" labelid="{b4556552-0053-4840-8b60-c3c9fa8c930b}">
                          <labels>
                            <label description="General" languagecode="1033" />
                          </labels>
                          <rows>
                            <row>
                              <cell id="{986e7aba-3655-4d3b-84f6-ca7d5f8f405e}" labelid="{ce95516a-6fb2-484c-92f9-bf3f1d480035}">
                                <labels>
                                  <label description="ID" languagecode="1033" />
                                </labels>
                                <control id="crea6_id" classid="{4273EDBD-AC1D-40d3-9FB2-095C621B552D}" datafieldname="crea6_id" />
                              </cell>
                            </row>
                            <row>
                              <cell id="{270d9bed-1381-40f8-b83b-d7ad74eb63c4}" labelid="{b23ffd75-2337-4f5f-8123-d4f407218d2e}" visible="false">
                                <labels>
                                  <label description="Owner" languagecode="1033" />
                                </labels>
                                <control id="ownerid" classid="{270BD3DB-D9AF-4782-9025-509E298DEC0A}" datafieldname="ownerid" />
                              </cell>
                            </row>
                            <row>
                              <cell id="{7c198682-66c2-4fb5-8f2a-4aaa68b99aa0}" locklevel="0" rowspan="1" colspan="1" labelid="{0ee2d825-b9ad-473e-9b93-7f27ef945b7d}">
                                <labels>
                                  <label description="EmployeeID" languagecode="1033" />
                                </labels>
                                <control id="crea6_employeeid" classid="{4273EDBD-AC1D-40D3-9FB2-095C621B552D}" datafieldname="crea6_employeeid" disabled="false" />
                              </cell>
                            </row>
                            <row>
                              <cell id="{25ff422b-4a3f-4a0c-9b70-873be9472a1f}" labelid="{7e669f7c-d62a-4b23-b2b5-fd2db1256b14}">
                                <labels>
                                  <label description="FirstName" languagecode="1033" />
                                </labels>
                                <control id="crea6_firstname" classid="{4273edbd-ac1d-40d3-9fb2-095c621b552d}" datafieldname="crea6_firstname" />
                              </cell>
                            </row>
                            <row>
                              <cell id="{0fc8e8fe-e847-4714-8aad-1c6173831784}" labelid="{240f6b62-34db-4009-a4d6-1b4628cce79e}">
                                <labels>
                                  <label description="LastName" languagecode="1033" />
                                </labels>
                                <control id="crea6_lastname" classid="{4273edbd-ac1d-40d3-9fb2-095c621b552d}" datafieldname="crea6_lastname" />
                              </cell>
                            </row>
                          </rows>
                        </section>
                      </sections>
                    </column>
                  </columns>
                </tab>
                <tab name="Meeting Details" id="76210a0a-2f9a-4142-9e06-0622b2707ab4" IsUserDefined="0" locklevel="0" showlabel="true">
                  <labels>
                    <label description="Meeting Details" languagecode="1033" />
                  </labels>
                  <columns>
                    <column width="100%">
                      <sections>
                        <section name="Meeting Details" id="a0755931-3a21-4a70-8f2d-c6ffc16aaf04" IsUserDefined="0" locklevel="0" showlabel="true" showbar="false" layout="varwidth" celllabelalignment="Left" celllabelposition="Left" columns="1" labelwidth="115">
                          <labels>
                            <label description="Meeting Details" languagecode="1033" />
                          </labels>
                          <rows>
                            <row />
                            <row>
                              <cell id="{27ac5e81-13e9-483b-be5c-94e38b055e40}" locklevel="0" colspan="1" rowspan="1">
                                <labels>
                                  <label description="Subject" languagecode="1033" />
                                </labels>
                                <control id="crea6_title" classid="{4273EDBD-AC1D-40D3-9FB2-095C621B552D}" datafieldname="crea6_title" disabled="false" />
                              </cell>
                            </row>
                            <row>
                              <cell id="{765c9671-1c8c-44ee-9446-396279166b00}" locklevel="0" colspan="1" rowspan="1">
                                <labels>
                                  <label description="Message" languagecode="1033" />
                                </labels>
                                <control id="crea6_message" classid="{4273EDBD-AC1D-40D3-9FB2-095C621B552D}" datafieldname="crea6_message" disabled="false" />
                              </cell>
                            </row>
                            <row>
                              <cell id="{eda9abb9-f27e-4af8-b19e-823c42b482eb}" locklevel="0" colspan="1" rowspan="1">
                                <labels>
                                  <label description="Timezone" languagecode="1033" />
                                </labels>
                                <control id="crea6_timezone" classid="{4273EDBD-AC1D-40D3-9FB2-095C621B552D}" datafieldname="crea6_timezone" disabled="false" />
                              </cell>
                            </row>
                            <row>
                              <cell id="{27cbcee1-074b-4b70-870e-59825f1bf563}" locklevel="0" colspan="1" rowspan="1">
                                <labels>
                                  <label description="StartDate" languagecode="1033" />
                                </labels>
                                <control id="crea6_startdate" classid="{5B773807-9FB2-42DB-97C3-7A91EFF8ADFF}" datafieldname="crea6_startdate" disabled="false" />
                              </cell>
                            </row>
                            <row>
                              <cell id="{6fefd9ca-f35e-4b0a-af8d-f4071c889f9e}" locklevel="0" colspan="1" rowspan="1">
                                <labels>
                                  <label description="EndDate" languagecode="1033" />
                                </labels>
                                <control id="crea6_enddate" classid="{5B773807-9FB2-42DB-97C3-7A91EFF8ADFF}" datafieldname="crea6_enddate" disabled="false" />
                              </cell>
                            </row>
                            <row>
                              <cell id="{8059816c-7b7e-4749-a2f7-29747ccde75b}" locklevel="0" colspan="1" rowspan="1" visible="false">
                                <labels>
                                  <label description="Attendees" languagecode="1033" />
                                </labels>
                                <control id="crea6_attendees" classid="{4273EDBD-AC1D-40D3-9FB2-095C621B552D}" datafieldname="crea6_attendees" disabled="false" />
                              </cell>
                            </row>
                            <row>
                              <cell locklevel="0" id="{9b697409-ec53-4cc4-8449-6d6102b7a19a}" rowspan="4" colspan="1" auto="false">
                                <labels>
                                  <label description="Attendees" languagecode="1033" />
                                </labels>
                                <control indicationOfSubgrid="true" id="Subgrid_new_1" classid="{E7A81278-8635-4D9E-8D4D-59480B391C5B}">
                                  <parameters>
                                    <RecordsPerPage>4</RecordsPerPage>
                                    <AutoExpand>Fixed</AutoExpand>
                                    <EnableQuickFind>false</EnableQuickFind>
                                    <EnableViewPicker>false</EnableViewPicker>
                                    <EnableChartPicker>true</EnableChartPicker>
                                    <ChartGridMode>All</ChartGridMode>
                                    <TargetEntityType>systemuser</TargetEntityType>
                                    <ViewId>{00000000-0000-0000-00AA-000010001019}</ViewId>
                                    <ViewIds>{00000000-0000-0000-00AA-000010001019}</ViewIds>
                                    <RelationshipName>new_crea6_Employees_SystemUser_SystemUser</RelationshipName>
                                  </parameters>
                                </control>
                              </cell>
                            </row>
                            <row />
                            <row />
                            <row />
                          </rows>
                        </section>
                        <section name="Meeting Details_section_3" id="cb6de2b4-8953-4573-98bf-552a1e9e4050" IsUserDefined="0" locklevel="0" showlabel="true" showbar="false" layout="varwidth" celllabelalignment="Left" celllabelposition="Left" columns="1" labelwidth="115" visible="true">
                          <labels>
                            <label description="Extra Info" languagecode="1033" />
                          </labels>
                          <rows>
                            <row />
                            <row>
                              <cell id="{fbd492dc-4e02-426e-ae52-1a6e977c79f8}" locklevel="0" colspan="1" rowspan="1">
                                <labels>
                                  <label description="ItemLink" languagecode="1033" />
                                </labels>
                                <control id="crea6_itemlink" classid="{71716B6C-711E-476C-8AB8-5D11542BFB47}" datafieldname="crea6_itemlink" disabled="false" />
                              </cell>
                            </row>
                            <row>
                              <cell id="{231b1998-2e92-4fdf-b011-0f139de22661}" locklevel="0" colspan="1" rowspan="1">
                                <labels>
                                  <label description="MeetingID" languagecode="1033" />
                                </labels>
                                <control id="crea6_meetingid" classid="{4273EDBD-AC1D-40D3-9FB2-095C621B552D}" datafieldname="crea6_meetingid" disabled="false" />
                              </cell>
                            </row>
                          </rows>
                        </section>
                      </sections>
                    </column>
                  </columns>
                </tab>
              </tabs>
              <header id="{be626f3b-32bc-43f6-a6dd-0559a37205e8}" celllabelposition="Top" columns="111" labelwidth="115" celllabelalignment="Left">
                <rows>
                  <row>
                    <cell id="{c73abbd1-ab6c-4081-9022-bcb8b142d327}" showlabel="false" labelid="{b7686fc3-d9bf-4319-9b70-ffe627a05d14}">
                      <labels>
                        <label description="" languagecode="1033" />
                      </labels>
                    </cell>
                    <cell id="{8a0c0cce-b45d-40f0-a0fc-95871a0a91e7}" showlabel="false" labelid="{99c021d7-582e-4475-b863-ba7d14753059}">
                      <labels>
                        <label description="" languagecode="1033" />
                      </labels>
                    </cell>
                    <cell id="{78b5e9b9-82ba-477f-8e9a-7c2391ae6a43}" showlabel="false" labelid="{99904972-17a1-460e-be0d-0cbc253d2a8c}">
                      <labels>
                        <label description="" languagecode="1033" />
                      </labels>
                    </cell>
                  </row>
                </rows>
              </header>
              <footer id="{56637919-e562-4190-8c8a-d74ec60e55cf}" celllabelposition="Top" columns="111" labelwidth="115" celllabelalignment="Left">
                <rows>
                  <row>
                    <cell id="{54c0f5ba-bbe4-4765-8c6e-85748fe7c799}" showlabel="false" labelid="{cc12d645-1905-4df0-acfd-d853d3392465}">
                      <labels>
                        <label description="" languagecode="1033" />
                      </labels>
                    </cell>
                    <cell id="{09693099-25ad-49bc-95b8-154cc77ab64a}" showlabel="false" labelid="{e702bcb9-567a-40ca-959d-c60cd869d012}">
                      <labels>
                        <label description="" languagecode="1033" />
                      </labels>
                    </cell>
                    <cell id="{3569acf0-8ea4-48b4-920b-632630262db4}" showlabel="false" labelid="{e22d574b-346b-45dc-80af-539f62d9b4b1}">
                      <labels>
                        <label description="" languagecode="1033" />
                      </labels>
                    </cell>
                  </row>
                </rows>
              </footer>
              <DisplayConditions Order="1" FallbackForm="true">
                <Role Id="{627090ff-40a3-4053-8790-584edc5be201}" />
                <Role Id="{119f245c-3cc8-4b62-b31c-d1a046ced15d}" />
              </DisplayConditions>
            </form>
            <IsCustomizable>1</IsCustomizable>
            <CanBeDeleted>1</CanBeDeleted>
            <LocalizedNames>
              <LocalizedName description="Employees main form" languagecode="1033" />
            </LocalizedNames>
            <Descriptions>
              <Description description="A form for this entity." languagecode="1033" />
            </Descriptions>
          </systemform>
        </forms>
      </FormXml>
      <RibbonDiffXml>
        <CustomActions>
          <CustomAction Id="new.crea6_employees.Button8.Button.CustomAction" Location="Mscrm.Form.crea6_employees.MainTab.Save.Controls._children" Sequence="15">
            <CommandUIDefinition>
              <Button Command="new.crea6_employees.Command0.Command" Id="new.crea6_employees.Button8.Button" LabelText="$LocLabels:new.crea6_employees.Button8.Button.LabelText" Sequence="15" TemplateAlias="o1" />
            </CommandUIDefinition>
          </CustomAction>
        </CustomActions>
        <Templates>
          <RibbonTemplates Id="Mscrm.Templates"></RibbonTemplates>
        </Templates>
        <CommandDefinitions>
          <CommandDefinition Id="new.crea6_employees.Command0.Command">
            <EnableRules>
              <EnableRule Id="new.crea6_employees.EnableRule0.EnableRule" />
            </EnableRules>
            <DisplayRules>
              <DisplayRule Id="new.crea6_employees.DisplayRule0.DisplayRule" />
            </DisplayRules>
            <Actions>
              <JavaScriptFunction FunctionName="createmeeting" Library="$webresource:new_CreateMeetingEvent">
                <CrmParameter Value="PrimaryControl" />
              </JavaScriptFunction>
            </Actions>
          </CommandDefinition>
        </CommandDefinitions>
        <RuleDefinitions>
          <TabDisplayRules />
          <DisplayRules>
            <DisplayRule Id="new.crea6_employees.DisplayRule0.DisplayRule">
              <FormStateRule State="Existing" />
            </DisplayRule>
          </DisplayRules>
          <EnableRules>
            <EnableRule Id="new.crea6_employees.EnableRule0.EnableRule">
              <FormStateRule State="Existing" />
            </EnableRule>
          </EnableRules>
        </RuleDefinitions>
        <LocLabels>
          <LocLabel Id="new.crea6_employees.Button8.Button.LabelText">
            <Titles>
              <Title description="Meet Now" languagecode="1033" />
            </Titles>
          </LocLabel>
        </LocLabels>
      </RibbonDiffXml>
    </Entity>
    <Entity>
      <Name LocalizedName="User" OriginalName="">SystemUser</Name>
      <EntityInfo>
        <entity Name="SystemUser" unmodified="1">
          <attributes />
        </entity>
      </EntityInfo>
      <RibbonDiffXml>
        <CustomActions />
        <Templates>
          <RibbonTemplates Id="Mscrm.Templates"></RibbonTemplates>
        </Templates>
        <CommandDefinitions />
        <RuleDefinitions>
          <TabDisplayRules />
          <DisplayRules />
          <EnableRules />
        </RuleDefinitions>
        <LocLabels />
      </RibbonDiffXml>
    </Entity>
  </Entities>
  <Roles></Roles>
  <Workflows></Workflows>
  <FieldSecurityProfiles></FieldSecurityProfiles>
  <Templates />
  <EntityMaps />
  <EntityRelationships>
    <EntityRelationship Name="new_crea6_Employees_SystemUser_SystemUser">
      <EntityRelationshipType>ManyToMany</EntityRelationshipType>
      <IsCustomizable>1</IsCustomizable>
      <IntroducedVersion>1.0.0.4</IntroducedVersion>
      <IsHierarchical>0</IsHierarchical>
      <FirstEntityName>SystemUser</FirstEntityName>
      <SecondEntityName>crea6_Employees</SecondEntityName>
      <IntersectEntityName>new_crea6_Employees_SystemUser</IntersectEntityName>
      <IsValidForAdvancedFind>1</IsValidForAdvancedFind>
      <EntityRelationshipRoles>
        <EntityRelationshipRole>
          <NavPaneDisplayOption>UseCollectionName</NavPaneDisplayOption>
          <NavPaneArea>Details</NavPaneArea>
          <NavPaneOrder>10000</NavPaneOrder>
          <NavigationPropertyName>new_crea6_Employees_SystemUser_SystemUser</NavigationPropertyName>
          <AssociationRoleOrdinal>1</AssociationRoleOrdinal>
        </EntityRelationshipRole>
        <EntityRelationshipRole>
          <NavPaneDisplayOption>UseCollectionName</NavPaneDisplayOption>
          <NavPaneArea>Details</NavPaneArea>
          <NavPaneOrder>10000</NavPaneOrder>
          <NavigationPropertyName>new_crea6_Employees_SystemUser_SystemUser</NavigationPropertyName>
          <AssociationRoleOrdinal>2</AssociationRoleOrdinal>
        </EntityRelationshipRole>
      </EntityRelationshipRoles>
    </EntityRelationship>
  </EntityRelationships>
  <OrganizationSettings />
  <optionsets />
  <WebResources>
    <WebResource>
      <WebResourceId>{8e4110d3-778e-ee11-be37-0022486e6d69}</WebResourceId>
      <Name>new_CreateMeetingEvent</Name>
      <DisplayName>CreateMeetingEvent</DisplayName>
      <LanguageCode>0</LanguageCode>
      <WebResourceType>3</WebResourceType>
      <IntroducedVersion>1.0.0.0</IntroducedVersion>
      <IsEnabledForMobileClient>0</IsEnabledForMobileClient>
      <IsAvailableForMobileOffline>0</IsAvailableForMobileOffline>
      <IsCustomizable>1</IsCustomizable>
      <CanBeDeleted>1</CanBeDeleted>
      <IsHidden>0</IsHidden>
      <FileName>/WebResources/new_CreateMeetingEvent8E4110D3-778E-EE11-BE37-0022486E6D69</FileName>
    </WebResource>
  </WebResources>
  <CustomControls />
  <AppModules>
    <AppModule>
      <UniqueName>new_App_2</UniqueName>
      <IntroducedVersion>1.0.0.0</IntroducedVersion>
      <WebResourceId>953b9fac-1e5e-e611-80d6-00155ded156f</WebResourceId>
      <OptimizedFor></OptimizedFor>
      <statecode>0</statecode>
      <statuscode>1</statuscode>
      <FormFactor>1</FormFactor>
      <ClientType>4</ClientType>
      <NavigationType>0</NavigationType>
      <AppModuleComponents>
        <AppModuleComponent type="1" schemaName="crea6_employees" />
        <AppModuleComponent type="62" schemaName="new_App_2" />
      </AppModuleComponents>
      <AppModuleRoleMaps>
        <Role id="{236750cd-45ae-4939-ab12-b24b920ced93}" />
        <Role id="{627090ff-40a3-4053-8790-584edc5be201}" />
        <Role id="{119f245c-3cc8-4b62-b31c-d1a046ced15d}" />
      </AppModuleRoleMaps>
      <LocalizedNames>
        <LocalizedName description="App_2" languagecode="1033" />
      </LocalizedNames>
      <Descriptions>
        <Description description="Streamline your business operations with App_2, a comprehensive solution designed to manage employee data efficiently. With its intuitive interface and robust features, it offers a seamless experience for system customizers and administrators alike." languagecode="1033" />
      </Descriptions>
    </AppModule>
  </AppModules>
  <EntityDataProviders />
  <Languages>
    <Language>1033</Language>
  </Languages>
</ImportExportXml>