<ImportExportXml version="9.2.24041.166" SolutionPackageVersion="9.2" languagecode="1033" generatedBy="CrmLive" xmlns:xsi="http://www.w3.org/2001/XMLSchema-instance">
  <SolutionManifest>
    <UniqueName>MeetingApp</UniqueName>
    <LocalizedNames>
      <LocalizedName description="MeetingApp" languagecode="1033" />
    </LocalizedNames>
    <Descriptions />
    <Version>1.0.0.7</Version>
    <Managed>0</Managed>
    <Publisher>
      <UniqueName>DefaultPublisherorg5ae60135</UniqueName>
      <LocalizedNames>
        <LocalizedName description="Default Publisher for org5ae60135" languagecode="1033" />
      </LocalizedNames>
      <Descriptions>
        <Description description="Default publisher for this organization" languagecode="1033" />
      </Descriptions>
      <EMailAddress xsi:nil="true"></EMailAddress>
      <SupportingWebsiteUrl xsi:nil="true"></SupportingWebsiteUrl>
      <CustomizationPrefix>new</CustomizationPrefix>
      <CustomizationOptionValuePrefix>10000</CustomizationOptionValuePrefix>
      <Addresses>
        <Address>
          <AddressNumber>1</AddressNumber>
          <AddressTypeCode xsi:nil="true"></AddressTypeCode>
          <City xsi:nil="true"></City>
          <County xsi:nil="true"></County>
          <Country xsi:nil="true"></Country>
          <Fax xsi:nil="true"></Fax>
          <FreightTermsCode xsi:nil="true"></FreightTermsCode>
          <ImportSequenceNumber xsi:nil="true"></ImportSequenceNumber>
          <Latitude xsi:nil="true"></Latitude>
          <Line1 xsi:nil="true"></Line1>
          <Line2 xsi:nil="true"></Line2>
          <Line3 xsi:nil="true"></Line3>
          <Longitude xsi:nil="true"></Longitude>
          <Name xsi:nil="true"></Name>
          <PostalCode xsi:nil="true"></PostalCode>
          <PostOfficeBox xsi:nil="true"></PostOfficeBox>
          <PrimaryContactName xsi:nil="true"></PrimaryContactName>
          <ShippingMethodCode xsi:nil="true"></ShippingMethodCode>
          <StateOrProvince xsi:nil="true"></StateOrProvince>
          <Telephone1 xsi:nil="true"></Telephone1>
          <Telephone2 xsi:nil="true"></Telephone2>
          <Telephone3 xsi:nil="true"></Telephone3>
          <TimeZoneRuleVersionNumber xsi:nil="true"></TimeZoneRuleVersionNumber>
          <UPSZone xsi:nil="true"></UPSZone>
          <UTCOffset xsi:nil="true"></UTCOffset>
          <UTCConversionTimeZoneCode xsi:nil="true"></UTCConversionTimeZoneCode>
        </Address>
        <Address>
          <AddressNumber>2</AddressNumber>
          <AddressTypeCode xsi:nil="true"></AddressTypeCode>
          <City xsi:nil="true"></City>
          <County xsi:nil="true"></County>
          <Country xsi:nil="true"></Country>
          <Fax xsi:nil="true"></Fax>
          <FreightTermsCode xsi:nil="true"></FreightTermsCode>
          <ImportSequenceNumber xsi:nil="true"></ImportSequenceNumber>
          <Latitude xsi:nil="true"></Latitude>
          <Line1 xsi:nil="true"></Line1>
          <Line2 xsi:nil="true"></Line2>
          <Line3 xsi:nil="true"></Line3>
          <Longitude xsi:nil="true"></Longitude>
          <Name xsi:nil="true"></Name>
          <PostalCode xsi:nil="true"></PostalCode>
          <PostOfficeBox xsi:nil="true"></PostOfficeBox>
          <PrimaryContactName xsi:nil="true"></PrimaryContactName>
          <ShippingMethodCode xsi:nil="true"></ShippingMethodCode>
          <StateOrProvince xsi:nil="true"></StateOrProvince>
          <Telephone1 xsi:nil="true"></Telephone1>
          <Telephone2 xsi:nil="true"></Telephone2>
          <Telephone3 xsi:nil="true"></Telephone3>
          <TimeZoneRuleVersionNumber xsi:nil="true"></TimeZoneRuleVersionNumber>
          <UPSZone xsi:nil="true"></UPSZone>
          <UTCOffset xsi:nil="true"></UTCOffset>
          <UTCConversionTimeZoneCode xsi:nil="true"></UTCConversionTimeZoneCode>
        </Address>
      </Addresses>
    </Publisher>
    <RootComponents>
      <RootComponent type="1" schemaName="crea6_employees" behavior="2" />
      <RootComponent type="1" schemaName="systemuser" behavior="1" />
      <RootComponent type="61" schemaName="new_CreateMeetingEvent" behavior="0" />
      <RootComponent type="80" schemaName="new_App_2" behavior="0" />
    </RootComponents>
    <MissingDependencies>
      <MissingDependency>
        <Required type="1" schemaName="crea6_employees" displayName="Employees" solution="Active" />
        <Dependent type="1" schemaName="crea6_employees" displayName="Employees" />
      </MissingDependency>
      <MissingDependency>
        <Required type="2" schemaName="crea6_attendees" displayName="Attendees" parentSchemaName="crea6_employees" parentDisplayName="Employees" solution="Active" />
        <Dependent type="60" displayName="Employees main form" parentDisplayName="Employees" id="{b18a54a6-eb76-ee11-8179-0022486e6d69}" />
      </MissingDependency>
      <MissingDependency>
        <Required type="2" schemaName="crea6_employeeid" displayName="EmployeesID" parentSchemaName="crea6_employees" parentDisplayName="Employees" solution="Active" />
        <Dependent type="60" displayName="Employees main form" parentDisplayName="Employees" id="{b18a54a6-eb76-ee11-8179-0022486e6d69}" />
      </MissingDependency>
      <MissingDependency>
        <Required type="2" schemaName="crea6_enddate" displayName="EndDate" parentSchemaName="crea6_employees" parentDisplayName="Employees" solution="Active" />
        <Dependent type="60" displayName="Employees main form" parentDisplayName="Employees" id="{b18a54a6-eb76-ee11-8179-0022486e6d69}" />
      </MissingDependency>
      <MissingDependency>
        <Required type="2" schemaName="crea6_firstname" displayName="FirstName" parentSchemaName="crea6_employees" parentDisplayName="Employees" solution="Active" />
        <Dependent type="60" displayName="Employees main form" parentDisplayName="Employees" id="{b18a54a6-eb76-ee11-8179-0022486e6d69}" />
      </MissingDependency>
      <MissingDependency>
        <Required type="2" schemaName="crea6_id" displayName="ID" parentSchemaName="crea6_employees" parentDisplayName="Employees" solution="Active" />
        <Dependent type="60" displayName="Employees main form" parentDisplayName="Employees" id="{b18a54a6-eb76-ee11-8179-0022486e6d69}" />
      </MissingDependency>
      <MissingDependency>
        <Required type="2" schemaName="crea6_itemlink" displayName="ItemLink" parentSchemaName="crea6_employees" parentDisplayName="Employees" solution="Active" />
        <Dependent type="60" displayName="Employees main form" parentDisplayName="Employees" id="{b18a54a6-eb76-ee11-8179-0022486e6d69}" />
      </MissingDependency>
      <MissingDependency>
        <Required type="2" schemaName="crea6_lastname" displayName="LastName" parentSchemaName="crea6_employees" parentDisplayName="Employees" solution="Active" />
        <Dependent type="60" displayName="Employees main form" parentDisplayName="Employees" id="{b18a54a6-eb76-ee11-8179-0022486e6d69}" />
      </MissingDependency>
      <MissingDependency>
        <Required type="2" schemaName="crea6_meetingid" displayName="MeetingID" parentSchemaName="crea6_employees" parentDisplayName="Employees" solution="Active" />
        <Dependent type="60" displayName="Employees main form" parentDisplayName="Employees" id="{b18a54a6-eb76-ee11-8179-0022486e6d69}" />
      </MissingDependency>
      <MissingDependency>
        <Required type="2" schemaName="crea6_message" displayName="Message" parentSchemaName="crea6_employees" parentDisplayName="Employees" solution="Active" />
        <Dependent type="60" displayName="Employees main form" parentDisplayName="Employees" id="{b18a54a6-eb76-ee11-8179-0022486e6d69}" />
      </MissingDependency>
      <MissingDependency>
        <Required type="2" schemaName="crea6_startdate" displayName="StartDate" parentSchemaName="crea6_employees" parentDisplayName="Employees" solution="Active" />
        <Dependent type="60" displayName="Employees main form" parentDisplayName="Employees" id="{b18a54a6-eb76-ee11-8179-0022486e6d69}" />
      </MissingDependency>
      <MissingDependency>
        <Required type="2" schemaName="crea6_timezone" displayName="Timezone" parentSchemaName="crea6_employees" parentDisplayName="Employees" solution="Active" />
        <Dependent type="60" displayName="Employees main form" parentDisplayName="Employees" id="{b18a54a6-eb76-ee11-8179-0022486e6d69}" />
      </MissingDependency>
      <MissingDependency>
        <Required type="2" schemaName="crea6_title" displayName="Title" parentSchemaName="crea6_employees" parentDisplayName="Employees" solution="Active" />
        <Dependent type="60" displayName="Employees main form" parentDisplayName="Employees" id="{b18a54a6-eb76-ee11-8179-0022486e6d69}" />
      </MissingDependency>
      <MissingDependency>
        <Required type="2" schemaName="ownerid" displayName="Owner" parentSchemaName="crea6_employees" parentDisplayName="Employees" solution="Active" />
        <Dependent type="60" displayName="Employees main form" parentDisplayName="Employees" id="{b18a54a6-eb76-ee11-8179-0022486e6d69}" />
      </MissingDependency>
      <MissingDependency>
        <Required type="61" schemaName="adx_create_invitation.svg" displayName="adx_create_invitation.svg" solution="PowerPages_RuntimeCore (1.0.2312.2)">
          <package>PowerPages_Core (1.0.2401.75)</package>
        </Required>
        <Dependent type="1" schemaName="crea6_employees" displayName="Employees" />
      </MissingDependency>
      <MissingDependency>
        <Required type="61" schemaName="msdyn_/Images/AppModule_Default_Icon.png" displayName="msdyn_/Images/AppModule_Default_Icon.png" solution="AppModuleWebResources (2.5)" />
        <Dependent type="80" schemaName="new_App_2" displayName="App_2" />
      </MissingDependency>
      <MissingDependency>
        <Required type="62" schemaName="new_App_2" solution="Active" />
        <Dependent type="80" schemaName="new_App_2" displayName="App_2" />
      </MissingDependency>
    </MissingDependencies>
  </SolutionManifest>
</ImportExportXml>