{"name":"7bcd2962-1494-4cb5-aad0-96830d57d8b8","id":"/providers/Microsoft.Flow/flows/7bcd2962-1494-4cb5-aad0-96830d57d8b8","type":"Microsoft.Flow/flows","properties":{"apiId":"/providers/Microsoft.PowerApps/apis/shared_logicflows","displayName":"FlowToSeeData","definition":{"metadata":{"workflowEntityId":null,"processAdvisorMetadata":null,"flowChargedByPaygo":null,"flowclientsuspensionreason":"None","flowclientsuspensiontime":null,"flowclientsuspensionreasondetails":null,"creator":{"id":"ee4b2ae5-e2b0-4e42-a2fc-d17eac67369a","type":"User","tenantId":"7ffed34e-f98d-4f17-aee1-b52cb80697a9"},"provisioningMethod":"FromDefinition","failureAlertSubscription":true,"clientLastModifiedTime":"2023-12-12T05:21:44.7124926Z","connectionKeySavedTimeKey":"2023-12-12T05:21:44.7124926Z"},"$schema":"https://schema.management.azure.com/providers/Microsoft.Logic/schemas/2016-06-01/workflowdefinition.json#","contentVersion":"1.0.0.0","parameters":{"$connections":{"defaultValue":{},"type":"Object"},"$authentication":{"defaultValue":{},"type":"SecureObject"}},"triggers":{"manual":{"metadata":{"operationMetadataId":"c4257c5e-a506-4164-83bd-797ce8810c63"},"type":"Request","kind":"Http","inputs":{"triggerAuthenticationType":"All"}}},"actions":{"List_rows":{"runAfter":{},"metadata":{"operationMetadataId":"6ed4215c-ad66-4302-8dec-e3b0836cb3c3"},"type":"OpenApiConnection","inputs":{"host":{"apiId":"/providers/Microsoft.PowerApps/apis/shared_commondataserviceforapps","connectionName":"shared_commondataserviceforapps","operationId":"ListRecords"},"parameters":{"entityName":"crea6_employeeses"},"authentication":"@parameters('$authentication')"}},"Select":{"runAfter":{"List_rows":["Succeeded"]},"metadata":{"operationMetadataId":"5c4d106b-e46d-4a6a-98fc-46ae6d22730e"},"type":"Select","inputs":{"from":"@outputs('List_rows')?['body/value']","select":{"EmployeeID":"@item()?['crea6_employeeid']","FirstName":"@item()?['crea6_firstname']","LastName":"@item()?['crea6_lastname']","Title":"@item()?['crea6_title']","Message":"@item()?['crea6_message']","TimeZone":"@item()?['crea6_timezone']","StartDate":"@item()?['crea6_startdate']","EndDate":"@item()?['crea6_enddate']","Attendees":"@item()?['crea6_attendees']","ItemLink":"@item()?['crea6_itemlink']"}}},"Parse_JSON":{"runAfter":{"Select":["Succeeded"]},"metadata":{"operationMetadataId":"363eb993-9fcc-4a68-be10-7dac14d4879a"},"type":"ParseJson","inputs":{"content":"@body('Select')","schema":{"type":"array","items":{"type":"object","properties":{"ID":{"type":"string"},"FirstName":{"type":"string"},"LastName":{"type":"string"}},"required":["ID","FirstName","LastName"]}}}},"Response":{"runAfter":{"Parse_JSON":["Succeeded"]},"metadata":{"operationMetadataId":"8e05b02d-f750-46de-8afb-4ab0751952ce"},"type":"Response","kind":"Http","inputs":{"statusCode":200,"body":"@body('Parse_JSON')"}}}},"connectionReferences":{"shared_commondataserviceforapps":{"connectionName":"shared-commondataser-8e529a8c-c5f4-40fc-b3f6-eac042891712","source":"Embedded","id":"/providers/Microsoft.PowerApps/apis/shared_commondataserviceforapps","tier":"NotSpecified"}},"flowFailureAlertSubscribed":false,"isManaged":false}}