{"name":"ebe876aa-b84a-4500-ac48-9b574ed8b806","id":"/providers/Microsoft.Flow/flows/ebe876aa-b84a-4500-ac48-9b574ed8b806","type":"Microsoft.Flow/flows","properties":{"apiId":"/providers/Microsoft.PowerApps/apis/shared_logicflows","displayName":"RequestToCreateMeeting","definition":{"metadata":{"workflowEntityId":null,"processAdvisorMetadata":null,"flowChargedByPaygo":null,"flowclientsuspensionreason":"None","flowclientsuspensiontime":null,"flowclientsuspensionreasondetails":null,"creator":{"id":"ee4b2ae5-e2b0-4e42-a2fc-d17eac67369a","type":"User","tenantId":"7ffed34e-f98d-4f17-aee1-b52cb80697a9"},"provisioningMethod":"FromDefinition","failureAlertSubscription":true,"clientLastModifiedTime":"2023-12-19T11:05:26.8423914Z","connectionKeySavedTimeKey":"2023-12-19T11:05:26.8423914Z"},"$schema":"https://schema.management.azure.com/providers/Microsoft.Logic/schemas/2016-06-01/workflowdefinition.json#","contentVersion":"1.0.0.0","parameters":{"$connections":{"defaultValue":{},"type":"Object"},"$authentication":{"defaultValue":{},"type":"SecureObject"}},"triggers":{"manual":{"metadata":{"operationMetadataId":"713069b2-6249-48f4-a9a9-070c55224e3f"},"type":"Request","kind":"Http","inputs":{"schema":{"type":"object","properties":{"EmployeeID":{"type":"string"},"FirstName":{"type":"string"},"LastName":{"type":"string"},"Subject":{"type":"string"},"Message":{"type":"string"},"TimeZone":{"type":"string"},"Starttime":{"type":"string"},"Endtime":{"type":"string"}}},"triggerAuthenticationType":"All"}}},"actions":{"Create_a_Teams_meeting":{"runAfter":{},"metadata":{"operationMetadataId":"c1ce59eb-0329-434e-b513-5111ce578653"},"type":"OpenApiConnection","inputs":{"host":{"apiId":"/providers/Microsoft.PowerApps/apis/shared_teams","connectionName":"shared_teams","operationId":"CreateTeamsMeeting"},"parameters":{"calendarid":"Calendar","item/subject":"@triggerBody()?['Subject']","item/body/content":"@{triggerBody()?['Message']}\n      \n       \n       ","item/timeZone":"@triggerBody()?['TimeZone']","item/start/dateTime":"@triggerBody()?['StartTime']","item/end/dateTime":"@triggerBody()?['EndTime']","item/requiredAttendees":"@triggerBody()?['Attendees']"},"authentication":"@parameters('$authentication')"}},"List_rows":{"runAfter":{"Initialize_variable":["Succeeded"]},"metadata":{"operationMetadataId":"927635d2-4981-4d32-a41d-84d0eb18a301"},"type":"OpenApiConnection","inputs":{"host":{"apiId":"/providers/Microsoft.PowerApps/apis/shared_commondataserviceforapps","connectionName":"shared_commondataserviceforapps","operationId":"ListRecords"},"parameters":{"entityName":"crea6_employeeses","$filter":"crea6_employeeid eq  '@{triggerBody()?['EmployeeID']}'"},"authentication":"@parameters('$authentication')"}},"Apply_to_each":{"foreach":"@outputs('List_rows')?['body/value']","actions":{"Update_a_row":{"runAfter":{},"metadata":{"operationMetadataId":"eecb8150-e3ad-4279-b4ee-f7dffdd31641"},"type":"OpenApiConnection","inputs":{"host":{"apiId":"/providers/Microsoft.PowerApps/apis/shared_commondataserviceforapps","connectionName":"shared_commondataserviceforapps","operationId":"UpdateRecord"},"parameters":{"entityName":"crea6_employeeses","recordId":"@items('Apply_to_each')?['crea6_employeesid']","item/crea6_meetingid":"@variables('varMeetingid')"},"authentication":"@parameters('$authentication')"}}},"runAfter":{"List_rows":["Succeeded"]},"metadata":{"operationMetadataId":"8a11b244-3e36-4d94-8472-46d3775dbf96"},"type":"Foreach"},"Initialize_variable":{"runAfter":{"Create_a_Teams_meeting":["Succeeded"]},"metadata":{"operationMetadataId":"3b8a85d6-ba93-47b7-a074-3d22985e10d7"},"type":"InitializeVariable","inputs":{"variables":[{"name":"varMeetingid","type":"string","value":"@outputs('Create_a_Teams_meeting')?['body/id']"}]}}}},"connectionReferences":{"shared_teams":{"connectionName":"shared-teams-58af3d9f-0f80-4f04-ab8a-e379f6e0b89d","source":"Embedded","id":"/providers/Microsoft.PowerApps/apis/shared_teams","tier":"NotSpecified"},"shared_commondataserviceforapps":{"connectionName":"shared-commondataser-6fdb6ad7-8639-4cb9-98d9-113a0e2aa4a6","source":"Embedded","id":"/providers/Microsoft.PowerApps/apis/shared_commondataserviceforapps","tier":"NotSpecified"}},"flowFailureAlertSubscribed":false,"isManaged":false}}