﻿"crea6_annuitiesclientinstructionid","crea6_annuitiesduedate","importsequencenumber","crea6_instructiondate","crea6_itemlink","crea6_jurisdiction","crea6_name","statuscode","statecode","timezoneruleversionnumber","utcconversiontimezonecode","versionnumber","crea6_annuities","owningbusinessunit"
"a55ee97b-c3e1-ee11-904c-002248d4f904","2024-03-27 18:30:00.0000000","","2024-03-13 18:30:00.0000000","https://org5ae60135.crm8.dynamics.com/main.aspx?appid=36bc29c4-bfb6-ee11-9078-0022486e6d69&pagetype=entityrecord&etn=crea6_annuitiesclientinstruction&id=a55ee97b-c3e1-ee11-904c-002248d4f904","United Kingdom","Steve Rogers","1","0","0","","7535700","66a0286a-c3e1-ee11-904c-002248d4f904","ba097438-ed0a-ed11-b83c-000d3af0653b"
"ef5c1a35-afd7-ee11-904c-7c1e520f16ae","2024-03-21 00:00:00.0000000","","2024-03-20 00:00:00.0000000","https://org5ae60135.crm8.dynamics.com/main.aspx?appid=36bc29c4-bfb6-ee11-9078-0022486e6d69&pagetype=entityrecord&etn=crea6_annuitiesclientinstruction&id=ef5c1a35-afd7-ee11-904c-7c1e520f16ae","USA","Wase Shaikh","1","0","0","","7478073","b5ee96b4-01cb-ee11-9078-7c1e520f16ae","ba097438-ed0a-ed11-b83c-000d3af0653b"
"b06e51f0-b9d7-ee11-904c-7c1e520f16ae","","","2024-01-26 00:00:00.0000000","https://org5ae60135.crm8.dynamics.com/main.aspx?appid=36bc29c4-bfb6-ee11-9078-0022486e6d69&pagetype=entityrecord&etn=crea6_annuitiesclientinstruction&id=b06e51f0-b9d7-ee11-904c-7c1e520f16ae","SA Park8","Change by Ejaz","1","0","0","","7478061","b5ee96b4-01cb-ee11-9078-7c1e520f16ae","ba097438-ed0a-ed11-b83c-000d3af0653b"
"648f55b5-b7d7-ee11-904c-7c1e520f16ae","","","2024-03-12 00:00:00.0000000","https://org5ae60135.crm8.dynamics.com/main.aspx?appid=36bc29c4-bfb6-ee11-9078-0022486e6d69&pagetype=entityrecord&etn=crea6_annuitiesclientinstruction&id=648f55b5-b7d7-ee11-904c-7c1e520f16ae","Canada","Akshay Thakray","1","0","0","","7478059","b5ee96b4-01cb-ee11-9078-7c1e520f16ae","ba097438-ed0a-ed11-b83c-000d3af0653b"
"20151942-b5d7-ee11-904c-7c1e520f16ae","","","2024-03-12 00:00:00.0000000","https://org5ae60135.crm8.dynamics.com/main.aspx?appid=36bc29c4-bfb6-ee11-9078-0022486e6d69&pagetype=entityrecord&etn=crea6_annuitiesclientinstruction&id=20151942-b5d7-ee11-904c-7c1e520f16ae","Canada","Adil Shaikh","1","0","0","","7478057","b5ee96b4-01cb-ee11-9078-7c1e520f16ae","ba097438-ed0a-ed11-b83c-000d3af0653b"
"45939426-bad7-ee11-904c-7c1e520f16ae","2024-03-19 00:00:00.0000000","","2024-03-18 00:00:00.0000000","https://org5ae60135.crm8.dynamics.com/main.aspx?appid=36bc29c4-bfb6-ee11-9078-0022486e6d69&pagetype=entityrecord&etn=crea6_annuitiesclientinstruction&id=45939426-bad7-ee11-904c-7c1e520f16ae","Aus","Kirtiraj Bobade","1","0","0","","7477663","b5ee96b4-01cb-ee11-9078-7c1e520f16ae","ba097438-ed0a-ed11-b83c-000d3af0653b"
"47939426-bad7-ee11-904c-7c1e520f16ae","2024-03-19 00:00:00.0000000","","2024-03-18 00:00:00.0000000","https://org5ae60135.crm8.dynamics.com/main.aspx?appid=36bc29c4-bfb6-ee11-9078-0022486e6d69&pagetype=entityrecord&etn=crea6_annuitiesclientinstruction&id=47939426-bad7-ee11-904c-7c1e520f16ae","Aus","Kirtiraj Bobade","1","0","0","","7477634","5861d904-d1cb-ee11-9078-7c1e520f16ae","ba097438-ed0a-ed11-b83c-000d3af0653b"
"3f939426-bad7-ee11-904c-7c1e520f16ae","2024-03-19 00:00:00.0000000","","2024-03-18 00:00:00.0000000","https://org5ae60135.crm8.dynamics.com/main.aspx?appid=36bc29c4-bfb6-ee11-9078-0022486e6d69&pagetype=entityrecord&etn=crea6_annuitiesclientinstruction&id=3f939426-bad7-ee11-904c-7c1e520f16ae","Aus","Kirtiraj Bobade","1","0","0","","7477633","71238834-ccc0-ee11-9079-0022486e6d69","ba097438-ed0a-ed11-b83c-000d3af0653b"
"41939426-bad7-ee11-904c-7c1e520f16ae","2024-03-19 00:00:00.0000000","","2024-03-18 00:00:00.0000000","https://org5ae60135.crm8.dynamics.com/main.aspx?appid=36bc29c4-bfb6-ee11-9078-0022486e6d69&pagetype=entityrecord&etn=crea6_annuitiesclientinstruction&id=41939426-bad7-ee11-904c-7c1e520f16ae","Aus","Kirtiraj Bobade","1","0","0","","7477632","5da82587-cec1-ee11-9079-0022486e6d69","ba097438-ed0a-ed11-b83c-000d3af0653b"
"43939426-bad7-ee11-904c-7c1e520f16ae","2024-03-19 00:00:00.0000000","","2024-03-18 00:00:00.0000000","https://org5ae60135.crm8.dynamics.com/main.aspx?appid=36bc29c4-bfb6-ee11-9078-0022486e6d69&pagetype=entityrecord&etn=crea6_annuitiesclientinstruction&id=43939426-bad7-ee11-904c-7c1e520f16ae","Aus","Kirtiraj Bobade","1","0","0","","7477630","ff3af811-a3d0-ee11-904c-7c1e520f16ae","ba097438-ed0a-ed11-b83c-000d3af0653b"
"3d939426-bad7-ee11-904c-7c1e520f16ae","2024-03-19 00:00:00.0000000","","2024-03-18 00:00:00.0000000","https://org5ae60135.crm8.dynamics.com/main.aspx?appid=36bc29c4-bfb6-ee11-9078-0022486e6d69&pagetype=entityrecord&etn=crea6_annuitiesclientinstruction&id=3d939426-bad7-ee11-904c-7c1e520f16ae","Aus","Kirtiraj Bobade","1","0","0","","7477628","ec084ee1-16bd-ee11-9079-0022486e6d69","ba097438-ed0a-ed11-b83c-000d3af0653b"
"3a939426-bad7-ee11-904c-7c1e520f16ae","2024-03-19 00:00:00.0000000","","2024-03-18 00:00:00.0000000","https://org5ae60135.crm8.dynamics.com/main.aspx?appid=36bc29c4-bfb6-ee11-9078-0022486e6d69&pagetype=entityrecord&etn=crea6_annuitiesclientinstruction&id=3a939426-bad7-ee11-904c-7c1e520f16ae","Aus","Kirtiraj Bobade","1","0","0","","7477620","21949fe3-aaba-ee11-9079-0022486e6d69","ba097438-ed0a-ed11-b83c-000d3af0653b"
"38939426-bad7-ee11-904c-7c1e520f16ae","2024-03-19 00:00:00.0000000","","2024-03-18 00:00:00.0000000","https://org5ae60135.crm8.dynamics.com/main.aspx?appid=36bc29c4-bfb6-ee11-9078-0022486e6d69&pagetype=entityrecord&etn=crea6_annuitiesclientinstruction&id=38939426-bad7-ee11-904c-7c1e520f16ae","Aus","Kirtiraj Bobade","1","0","0","","7477607","5c5e143e-aaba-ee11-9079-0022486e6d69","ba097438-ed0a-ed11-b83c-000d3af0653b"
"36939426-bad7-ee11-904c-7c1e520f16ae","2024-03-19 00:00:00.0000000","","2024-03-18 00:00:00.0000000","https://org5ae60135.crm8.dynamics.com/main.aspx?appid=36bc29c4-bfb6-ee11-9078-0022486e6d69&pagetype=entityrecord&etn=crea6_annuitiesclientinstruction&id=36939426-bad7-ee11-904c-7c1e520f16ae","Aus","Kirtiraj Bobade","1","0","0","","7477603","914a923b-a9ba-ee11-9079-0022486e6d69","ba097438-ed0a-ed11-b83c-000d3af0653b"
"a36e51f0-b9d7-ee11-904c-7c1e520f16ae","2024-01-27 00:00:00.0000000","","2024-01-26 00:00:00.0000000","https://org5ae60135.crm8.dynamics.com/main.aspx?appid=36bc29c4-bfb6-ee11-9078-0022486e6d69&pagetype=entityrecord&etn=crea6_annuitiesclientinstruction&id=a36e51f0-b9d7-ee11-904c-7c1e520f16ae","SA Park8","Change by Ansar","1","0","0","","7477589","5c5e143e-aaba-ee11-9079-0022486e6d69","ba097438-ed0a-ed11-b83c-000d3af0653b"
"a56e51f0-b9d7-ee11-904c-7c1e520f16ae","2024-01-27 00:00:00.0000000","","2024-01-26 00:00:00.0000000","https://org5ae60135.crm8.dynamics.com/main.aspx?appid=36bc29c4-bfb6-ee11-9078-0022486e6d69&pagetype=entityrecord&etn=crea6_annuitiesclientinstruction&id=a56e51f0-b9d7-ee11-904c-7c1e520f16ae","SA Park8","Change by Ansar","1","0","0","","7477587","21949fe3-aaba-ee11-9079-0022486e6d69","ba097438-ed0a-ed11-b83c-000d3af0653b"
"ac6e51f0-b9d7-ee11-904c-7c1e520f16ae","2024-01-27 00:00:00.0000000","","2024-01-26 00:00:00.0000000","https://org5ae60135.crm8.dynamics.com/main.aspx?appid=36bc29c4-bfb6-ee11-9078-0022486e6d69&pagetype=entityrecord&etn=crea6_annuitiesclientinstruction&id=ac6e51f0-b9d7-ee11-904c-7c1e520f16ae","SA Park8","Change by Ansar","1","0","0","","7477586","5da82587-cec1-ee11-9079-0022486e6d69","ba097438-ed0a-ed11-b83c-000d3af0653b"
"b26e51f0-b9d7-ee11-904c-7c1e520f16ae","2024-01-27 00:00:00.0000000","","2024-01-26 00:00:00.0000000","https://org5ae60135.crm8.dynamics.com/main.aspx?appid=36bc29c4-bfb6-ee11-9078-0022486e6d69&pagetype=entityrecord&etn=crea6_annuitiesclientinstruction&id=b26e51f0-b9d7-ee11-904c-7c1e520f16ae","SA Park8","Change by Ansar","1","0","0","","7477585","5861d904-d1cb-ee11-9078-7c1e520f16ae","ba097438-ed0a-ed11-b83c-000d3af0653b"
"ae6e51f0-b9d7-ee11-904c-7c1e520f16ae","2024-01-27 00:00:00.0000000","","2024-01-26 00:00:00.0000000","https://org5ae60135.crm8.dynamics.com/main.aspx?appid=36bc29c4-bfb6-ee11-9078-0022486e6d69&pagetype=entityrecord&etn=crea6_annuitiesclientinstruction&id=ae6e51f0-b9d7-ee11-904c-7c1e520f16ae","SA Park8","Change by Ansar","1","0","0","","7477584","ff3af811-a3d0-ee11-904c-7c1e520f16ae","ba097438-ed0a-ed11-b83c-000d3af0653b"
"a76e51f0-b9d7-ee11-904c-7c1e520f16ae","2024-01-27 00:00:00.0000000","","2024-01-26 00:00:00.0000000","https://org5ae60135.crm8.dynamics.com/main.aspx?appid=36bc29c4-bfb6-ee11-9078-0022486e6d69&pagetype=entityrecord&etn=crea6_annuitiesclientinstruction&id=a76e51f0-b9d7-ee11-904c-7c1e520f16ae","SA Park8","Change by Ansar","1","0","0","","7477583","ec084ee1-16bd-ee11-9079-0022486e6d69","ba097438-ed0a-ed11-b83c-000d3af0653b"
"a96e51f0-b9d7-ee11-904c-7c1e520f16ae","2024-01-27 00:00:00.0000000","","2024-01-26 00:00:00.0000000","https://org5ae60135.crm8.dynamics.com/main.aspx?appid=36bc29c4-bfb6-ee11-9078-0022486e6d69&pagetype=entityrecord&etn=crea6_annuitiesclientinstruction&id=a96e51f0-b9d7-ee11-904c-7c1e520f16ae","SA Park8","Change by Ansar","1","0","0","","7477581","71238834-ccc0-ee11-9079-0022486e6d69","ba097438-ed0a-ed11-b83c-000d3af0653b"
"a16e51f0-b9d7-ee11-904c-7c1e520f16ae","2024-01-27 00:00:00.0000000","","2024-01-26 00:00:00.0000000","https://org5ae60135.crm8.dynamics.com/main.aspx?appid=36bc29c4-bfb6-ee11-9078-0022486e6d69&pagetype=entityrecord&etn=crea6_annuitiesclientinstruction&id=a16e51f0-b9d7-ee11-904c-7c1e520f16ae","SA Park8","Change by Ansar","1","0","0","","7477579","914a923b-a9ba-ee11-9079-0022486e6d69","ba097438-ed0a-ed11-b83c-000d3af0653b"
"02dfeacf-b7d7-ee11-904c-7c1e520f16ae","2024-03-13 00:00:00.0000000","","2024-03-12 00:00:00.0000000","https://org5ae60135.crm8.dynamics.com/main.aspx?appid=36bc29c4-bfb6-ee11-9078-0022486e6d69&pagetype=entityrecord&etn=crea6_annuitiesclientinstruction&id=02dfeacf-b7d7-ee11-904c-7c1e520f16ae","IND","Amol Kapdi","1","0","0","","7477382","b5ee96b4-01cb-ee11-9078-7c1e520f16ae","ba097438-ed0a-ed11-b83c-000d3af0653b"
"82f528f3-53d1-ee11-904c-7c1e520f16ae","2024-03-15 00:00:00.0000000","","2024-03-14 00:00:00.0000000","https://org5ae60135.crm8.dynamics.com/main.aspx?appid=36bc29c4-bfb6-ee11-9078-0022486e6d69&pagetype=entityrecord&etn=crea6_annuitiesclientinstruction&id=82f528f3-53d1-ee11-904c-7c1e520f16ae","UAE","Akansha Musande","1","0","0","","7477361","b5ee96b4-01cb-ee11-9078-7c1e520f16ae","ba097438-ed0a-ed11-b83c-000d3af0653b"
"ec7776c4-b6ba-ee11-9079-0022486e6d69","2024-03-13 00:00:00.0000000","","2024-03-12 00:00:00.0000000","https://org5ae60135.crm8.dynamics.com/main.aspx?appid=36bc29c4-bfb6-ee11-9078-0022486e6d69&pagetype=entityrecord&etn=crea6_annuitiesclientinstruction&id=ec7776c4-b6ba-ee11-9079-0022486e6d69","USA","Azlan Habib Shaikh Ansar","1","0","0","","7477354","","ba097438-ed0a-ed11-b83c-000d3af0653b"
"aab8a290-e4ce-ee11-904c-7c1e520f16ae","2024-03-14 00:00:00.0000000","","2024-03-13 00:00:00.0000000","https://org5ae60135.crm8.dynamics.com/main.aspx?appid=36bc29c4-bfb6-ee11-9078-0022486e6d69&pagetype=entityrecord&etn=crea6_annuitiesclientinstruction&id=aab8a290-e4ce-ee11-904c-7c1e520f16ae","AUD","Shaikh Wase Kamil","1","0","0","","7476726","5da82587-cec1-ee11-9079-0022486e6d69","ba097438-ed0a-ed11-b83c-000d3af0653b"
"1e151942-b5d7-ee11-904c-7c1e520f16ae","2024-03-13 00:00:00.0000000","","2024-03-12 00:00:00.0000000","https://org5ae60135.crm8.dynamics.com/main.aspx?appid=36bc29c4-bfb6-ee11-9078-0022486e6d69&pagetype=entityrecord&etn=crea6_annuitiesclientinstruction&id=1e151942-b5d7-ee11-904c-7c1e520f16ae","Canada","Shaikh Ansar","1","0","0","","7476722","b5ee96b4-01cb-ee11-9078-7c1e520f16ae","ba097438-ed0a-ed11-b83c-000d3af0653b"
"172048be-afd7-ee11-904c-7c1e520f16ae","2024-03-13 00:00:00.0000000","","2024-03-12 00:00:00.0000000","https://org5ae60135.crm8.dynamics.com/main.aspx?appid=36bc29c4-bfb6-ee11-9078-0022486e6d69&pagetype=entityrecord&etn=crea6_annuitiesclientinstruction&id=172048be-afd7-ee11-904c-7c1e520f16ae","Canada","Shaikh Ansar","1","0","0","","7476698","b5ee96b4-01cb-ee11-9078-7c1e520f16ae","ba097438-ed0a-ed11-b83c-000d3af0653b"
"1e5c2549-afd7-ee11-904c-7c1e520f16ae","2024-03-11 00:00:00.0000000","","2024-03-08 00:00:00.0000000","https://org5ae60135.crm8.dynamics.com/main.aspx?appid=36bc29c4-bfb6-ee11-9078-0022486e6d69&pagetype=entityrecord&etn=crea6_annuitiesclientinstruction&id=1e5c2549-afd7-ee11-904c-7c1e520f16ae","Canada","Intekhab Shaikh","1","0","0","","7476692","b5ee96b4-01cb-ee11-9078-7c1e520f16ae","ba097438-ed0a-ed11-b83c-000d3af0653b"
"80f86419-afd7-ee11-904c-7c1e520f16ae","2024-03-01 00:00:00.0000000","","2024-03-01 00:00:00.0000000","https://org5ae60135.crm8.dynamics.com/main.aspx?appid=36bc29c4-bfb6-ee11-9078-0022486e6d69&pagetype=entityrecord&etn=crea6_annuitiesclientinstruction&id=80f86419-afd7-ee11-904c-7c1e520f16ae","March1Entry2","March1Entry","1","0","0","","7476680","5da82587-cec1-ee11-9079-0022486e6d69","ba097438-ed0a-ed11-b83c-000d3af0653b"
"0976854b-58d5-ee11-904c-7c1e520f16ae","2024-02-02 00:00:00.0000000","","","https://org5ae60135.crm8.dynamics.com/main.aspx?appid=36bc29c4-bfb6-ee11-9078-0022486e6d69&pagetype=entityrecord&etn=crea6_annuitiesclientinstruction&id=0976854b-58d5-ee11-904c-7c1e520f16ae","AUD","Akshay","1","0","0","","7451773","ff3af811-a3d0-ee11-904c-7c1e520f16ae","ba097438-ed0a-ed11-b83c-000d3af0653b"
"6f892a8e-56d5-ee11-904c-7c1e520f16ae","2024-02-02 00:00:00.0000000","","2024-01-31 00:00:00.0000000","https://org5ae60135.crm8.dynamics.com/main.aspx?appid=36bc29c4-bfb6-ee11-9078-0022486e6d69&pagetype=entityrecord&etn=crea6_annuitiesclientinstruction&id=6f892a8e-56d5-ee11-904c-7c1e520f16ae","AUD","Akshay","1","0","0","","7451767","ff3af811-a3d0-ee11-904c-7c1e520f16ae","ba097438-ed0a-ed11-b83c-000d3af0653b"
"12dd2cb4-55d5-ee11-904c-7c1e520f16ae","2024-02-02 00:00:00.0000000","","2024-01-31 00:00:00.0000000","https://org5ae60135.crm8.dynamics.com/main.aspx?appid=36bc29c4-bfb6-ee11-9078-0022486e6d69&pagetype=entityrecord&etn=crea6_annuitiesclientinstruction&id=12dd2cb4-55d5-ee11-904c-7c1e520f16ae","AUD","Akshay","1","0","0","","7451761","ff3af811-a3d0-ee11-904c-7c1e520f16ae","ba097438-ed0a-ed11-b83c-000d3af0653b"
"291864a4-54d5-ee11-904c-7c1e520f16ae","2024-02-02 00:00:00.0000000","","2024-01-31 00:00:00.0000000","https://org5ae60135.crm8.dynamics.com/main.aspx?appid=36bc29c4-bfb6-ee11-9078-0022486e6d69&pagetype=entityrecord&etn=crea6_annuitiesclientinstruction&id=291864a4-54d5-ee11-904c-7c1e520f16ae","AUD","Akshay","1","0","0","","7451550","ff3af811-a3d0-ee11-904c-7c1e520f16ae","ba097438-ed0a-ed11-b83c-000d3af0653b"
"408ec18d-54d5-ee11-904c-7c1e520f16ae","2024-02-02 00:00:00.0000000","","","https://org5ae60135.crm8.dynamics.com/main.aspx?appid=36bc29c4-bfb6-ee11-9078-0022486e6d69&pagetype=entityrecord&etn=crea6_annuitiesclientinstruction&id=408ec18d-54d5-ee11-904c-7c1e520f16ae","AUD","Akshay","1","0","0","","7451548","ff3af811-a3d0-ee11-904c-7c1e520f16ae","ba097438-ed0a-ed11-b83c-000d3af0653b"
"0d06873f-3fd5-ee11-904c-7c1e520f16ae","2024-02-02 00:00:00.0000000","","","https://org5ae60135.crm8.dynamics.com/main.aspx?appid=36bc29c4-bfb6-ee11-9078-0022486e6d69&pagetype=entityrecord&etn=crea6_annuitiesclientinstruction&id=0d06873f-3fd5-ee11-904c-7c1e520f16ae","AUD","Akshay","1","0","0","","7451487","5da82587-cec1-ee11-9079-0022486e6d69","ba097438-ed0a-ed11-b83c-000d3af0653b"
"64ba99ee-f0cb-ee11-9078-7c1e520f16ae","2024-02-22 00:00:00.0000000","","2024-02-21 00:00:00.0000000","https://org5ae60135.crm8.dynamics.com/main.aspx?appid=36bc29c4-bfb6-ee11-9078-0022486e6d69&pagetype=entityrecord&etn=crea6_annuitiesclientinstruction&id=64ba99ee-f0cb-ee11-9078-7c1e520f16ae","INDIA","Adil Shaikh","1","0","0","","7358691","","ba097438-ed0a-ed11-b83c-000d3af0653b"
"9ff70445-53d1-ee11-904c-7c1e520f16ae","2024-02-02 00:00:00.0000000","","2024-01-31 00:00:00.0000000","https://org5ae60135.crm8.dynamics.com/main.aspx?appid=36bc29c4-bfb6-ee11-9078-0022486e6d69&pagetype=entityrecord&etn=crea6_annuitiesclientinstruction&id=9ff70445-53d1-ee11-904c-7c1e520f16ae","India","Amol","1","0","0","","7358690","","ba097438-ed0a-ed11-b83c-000d3af0653b"
"f27ec10c-50d1-ee11-904c-7c1e520f16ae","2024-02-29 00:00:00.0000000","","2024-02-28 00:00:00.0000000","https://org5ae60135.crm8.dynamics.com/main.aspx?appid=36bc29c4-bfb6-ee11-9078-0022486e6d69&pagetype=entityrecord&etn=crea6_annuitiesclientinstruction&id=f27ec10c-50d1-ee11-904c-7c1e520f16ae","CANADA","SKA","1","0","0","","7358689","","ba097438-ed0a-ed11-b83c-000d3af0653b"
"f8003717-40d1-ee11-904c-7c1e520f16ae","2024-02-02 00:00:00.0000000","","2024-01-31 00:00:00.0000000","https://org5ae60135.crm8.dynamics.com/main.aspx?appid=36bc29c4-bfb6-ee11-9078-0022486e6d69&pagetype=entityrecord&etn=crea6_annuitiesclientinstruction&id=f8003717-40d1-ee11-904c-7c1e520f16ae","India","Amol","1","0","0","","7358688","","ba097438-ed0a-ed11-b83c-000d3af0653b"
"8c309b40-3fd1-ee11-904c-7c1e520f16ae","2024-02-28 00:00:00.0000000","","2024-02-27 00:00:00.0000000","https://org5ae60135.crm8.dynamics.com/main.aspx?appid=36bc29c4-bfb6-ee11-9078-0022486e6d69&pagetype=entityrecord&etn=crea6_annuitiesclientinstruction&id=8c309b40-3fd1-ee11-904c-7c1e520f16ae","CANADA","Shaikh","1","0","0","","7358687","","ba097438-ed0a-ed11-b83c-000d3af0653b"
"13b48e27-3fd1-ee11-904c-7c1e520f16ae","2024-02-26 00:00:00.0000000","","2024-02-25 00:00:00.0000000","https://org5ae60135.crm8.dynamics.com/main.aspx?appid=36bc29c4-bfb6-ee11-9078-0022486e6d69&pagetype=entityrecord&etn=crea6_annuitiesclientinstruction&id=13b48e27-3fd1-ee11-904c-7c1e520f16ae","IND","Shaikh Ansar","1","0","0","","7358686","","ba097438-ed0a-ed11-b83c-000d3af0653b"
"16263511-8bd0-ee11-904c-7c1e520f16ae","2024-02-23 00:00:00.0000000","","2024-02-22 00:00:00.0000000","https://org5ae60135.crm8.dynamics.com/main.aspx?appid=36bc29c4-bfb6-ee11-9078-0022486e6d69&pagetype=entityrecord&etn=crea6_annuitiesclientinstruction&id=16263511-8bd0-ee11-904c-7c1e520f16ae","IND","Shaikh Ansar","1","0","0","","7358685","","ba097438-ed0a-ed11-b83c-000d3af0653b"
"f20688f8-d9d0-ee11-904c-7c1e520f16ae","2024-02-23 00:00:00.0000000","","2024-02-22 00:00:00.0000000","https://org5ae60135.crm8.dynamics.com/main.aspx?appid=36bc29c4-bfb6-ee11-9078-0022486e6d69&pagetype=entityrecord&etn=crea6_annuitiesclientinstruction&id=f20688f8-d9d0-ee11-904c-7c1e520f16ae","UADfsgfsgg","Shaikh Ansar","1","0","0","","7358030","5da82587-cec1-ee11-9079-0022486e6d69","ba097438-ed0a-ed11-b83c-000d3af0653b"
"d093cddb-d9d0-ee11-904c-7c1e520f16ae","2024-02-23 00:00:00.0000000","","2024-02-22 00:00:00.0000000","https://org5ae60135.crm8.dynamics.com/main.aspx?appid=36bc29c4-bfb6-ee11-9078-0022486e6d69&pagetype=entityrecord&etn=crea6_annuitiesclientinstruction&id=d093cddb-d9d0-ee11-904c-7c1e520f16ae","UADfsgfsgg","Shaikh Ansar","1","0","0","","7358024","5da82587-cec1-ee11-9079-0022486e6d69","ba097438-ed0a-ed11-b83c-000d3af0653b"
"6cfc4c97-d8d0-ee11-904c-7c1e520f16ae","2024-02-23 00:00:00.0000000","","2024-02-22 00:00:00.0000000","https://org5ae60135.crm8.dynamics.com/main.aspx?appid=36bc29c4-bfb6-ee11-9078-0022486e6d69&pagetype=entityrecord&etn=crea6_annuitiesclientinstruction&id=6cfc4c97-d8d0-ee11-904c-7c1e520f16ae","IND","Shaikh Ansar","1","0","0","","7358018","5da82587-cec1-ee11-9079-0022486e6d69","ba097438-ed0a-ed11-b83c-000d3af0653b"
"384d6b4f-8fd0-ee11-904c-7c1e520f16ae","2024-02-27 18:30:00.0000000","","2024-02-20 18:30:00.0000000","https://org5ae60135.crm8.dynamics.com/main.aspx?appid=36bc29c4-bfb6-ee11-9078-0022486e6d69&pagetype=entityrecord&etn=crea6_annuitiesclientinstruction&id=384d6b4f-8fd0-ee11-904c-7c1e520f16ae","Srilanka","Imran Khan","1","0","0","","7352644","ff3af811-a3d0-ee11-904c-7c1e520f16ae","ba097438-ed0a-ed11-b83c-000d3af0653b"
"e302a6ca-a2d0-ee11-904c-7c1e520f16ae","2024-02-29 00:00:00.0000000","","2024-02-28 00:00:00.0000000","https://org5ae60135.crm8.dynamics.com/main.aspx?appid=36bc29c4-bfb6-ee11-9078-0022486e6d69&pagetype=entityrecord&etn=crea6_annuitiesclientinstruction&id=e302a6ca-a2d0-ee11-904c-7c1e520f16ae","USA","SKA","1","0","0","","7352622","","ba097438-ed0a-ed11-b83c-000d3af0653b"
"3c585b63-a2d0-ee11-904c-7c1e520f16ae","2024-02-23 00:00:00.0000000","","2024-02-22 00:00:00.0000000","https://org5ae60135.crm8.dynamics.com/main.aspx?appid=36bc29c4-bfb6-ee11-9078-0022486e6d69&pagetype=entityrecord&etn=crea6_annuitiesclientinstruction&id=3c585b63-a2d0-ee11-904c-7c1e520f16ae","CANADA","Intekhab Shaikh","1","0","0","","7352621","","ba097438-ed0a-ed11-b83c-000d3af0653b"
"acfb4d9a-a1d0-ee11-904c-7c1e520f16ae","2024-02-27 00:00:00.0000000","","2024-02-26 00:00:00.0000000","https://org5ae60135.crm8.dynamics.com/main.aspx?appid=36bc29c4-bfb6-ee11-9078-0022486e6d69&pagetype=entityrecord&etn=crea6_annuitiesclientinstruction&id=acfb4d9a-a1d0-ee11-904c-7c1e520f16ae","CANADA","Wase Kamil","1","0","0","","7352620","","ba097438-ed0a-ed11-b83c-000d3af0653b"
"f3640263-a1d0-ee11-904c-7c1e520f16ae","2024-02-23 00:00:00.0000000","","2024-02-22 00:00:00.0000000","https://org5ae60135.crm8.dynamics.com/main.aspx?appid=36bc29c4-bfb6-ee11-9078-0022486e6d69&pagetype=entityrecord&etn=crea6_annuitiesclientinstruction&id=f3640263-a1d0-ee11-904c-7c1e520f16ae","UADfsgfsgg","Shaikh Ansar","1","0","0","","7352619","","ba097438-ed0a-ed11-b83c-000d3af0653b"
"8caa834c-8ad0-ee11-904c-7c1e520f16ae","2024-02-23 00:00:00.0000000","","2024-02-22 00:00:00.0000000","https://org5ae60135.crm8.dynamics.com/main.aspx?appid=36bc29c4-bfb6-ee11-9078-0022486e6d69&pagetype=entityrecord&etn=crea6_annuitiesclientinstruction&id=8caa834c-8ad0-ee11-904c-7c1e520f16ae","IND","Shaikh Ansar","1","0","0","","7351665","5da82587-cec1-ee11-9079-0022486e6d69","ba097438-ed0a-ed11-b83c-000d3af0653b"
"861b0d09-8ad0-ee11-904c-7c1e520f16ae","2024-02-23 00:00:00.0000000","","2024-02-22 00:00:00.0000000","https://org5ae60135.crm8.dynamics.com/main.aspx?appid=36bc29c4-bfb6-ee11-9078-0022486e6d69&pagetype=entityrecord&etn=crea6_annuitiesclientinstruction&id=861b0d09-8ad0-ee11-904c-7c1e520f16ae","IND","Shaikh Ansar","1","0","0","","7351659","5da82587-cec1-ee11-9079-0022486e6d69","ba097438-ed0a-ed11-b83c-000d3af0653b"
"ed322e65-89d0-ee11-904c-7c1e520f16ae","2024-02-23 00:00:00.0000000","","2024-02-22 00:00:00.0000000","https://org5ae60135.crm8.dynamics.com/main.aspx?appid=36bc29c4-bfb6-ee11-9078-0022486e6d69&pagetype=entityrecord&etn=crea6_annuitiesclientinstruction&id=ed322e65-89d0-ee11-904c-7c1e520f16ae","IND","Shaikh Ansar","1","0","0","","7351651","5da82587-cec1-ee11-9079-0022486e6d69","ba097438-ed0a-ed11-b83c-000d3af0653b"
"26aff93c-89d0-ee11-904c-7c1e520f16ae","2024-02-23 00:00:00.0000000","","2024-02-22 00:00:00.0000000","https://org5ae60135.crm8.dynamics.com/main.aspx?appid=36bc29c4-bfb6-ee11-9078-0022486e6d69&pagetype=entityrecord&etn=crea6_annuitiesclientinstruction&id=26aff93c-89d0-ee11-904c-7c1e520f16ae","USA","Shaikh Ansar","1","0","0","","7351645","5da82587-cec1-ee11-9079-0022486e6d69","ba097438-ed0a-ed11-b83c-000d3af0653b"
"3921b6a0-23d0-ee11-904c-7c1e520f16ae","2024-02-23 00:00:00.0000000","","2024-02-22 00:00:00.0000000","https://org5ae60135.crm8.dynamics.com/main.aspx?appid=36bc29c4-bfb6-ee11-9078-0022486e6d69&pagetype=entityrecord&etn=crea6_annuitiesclientinstruction&id=3921b6a0-23d0-ee11-904c-7c1e520f16ae","IND","Wase Kamil","1","0","0","","7351521","5da82587-cec1-ee11-9079-0022486e6d69","ba097438-ed0a-ed11-b83c-000d3af0653b"
"e425f959-eecf-ee11-904c-7c1e520f16ae","2024-02-23 00:00:00.0000000","","2024-02-21 00:00:00.0000000","https://org5ae60135.crm8.dynamics.com/main.aspx?appid=36bc29c4-bfb6-ee11-9078-0022486e6d69&pagetype=entityrecord&etn=crea6_annuitiesclientinstruction&id=e425f959-eecf-ee11-904c-7c1e520f16ae","CANADA","Shaikh Ansar","1","0","0","","7351211","5da82587-cec1-ee11-9079-0022486e6d69","ba097438-ed0a-ed11-b83c-000d3af0653b"
"e4d10e1a-cbcb-ee11-9078-7c1e520f16ae","2024-02-21 00:00:00.0000000","","2024-02-20 00:00:00.0000000","https://org5ae60135.crm8.dynamics.com/main.aspx?appid=36bc29c4-bfb6-ee11-9078-0022486e6d69&pagetype=entityrecord&etn=crea6_annuitiesclientinstruction&id=e4d10e1a-cbcb-ee11-9078-7c1e520f16ae","USA","SKA","1","0","0","","7346607","5da82587-cec1-ee11-9079-0022486e6d69","ba097438-ed0a-ed11-b83c-000d3af0653b"
"c332026c-14cc-ee11-9078-7c1e520f16ae","2024-02-08 00:00:00.0000000","","2024-02-07 00:00:00.0000000","https://org5ae60135.crm8.dynamics.com/main.aspx?appid=36bc29c4-bfb6-ee11-9078-0022486e6d69&pagetype=entityrecord&etn=crea6_annuitiesclientinstruction&id=c332026c-14cc-ee11-9078-7c1e520f16ae","USA","Shaikh Wase Kamil","1","0","0","","7322263","5da82587-cec1-ee11-9079-0022486e6d69","ba097438-ed0a-ed11-b83c-000d3af0653b"
"aa153877-00cc-ee11-9078-7c1e520f16ae","2024-02-28 00:00:00.0000000","","2024-02-15 00:00:00.0000000","https://org5ae60135.crm8.dynamics.com/main.aspx?appid=36bc29c4-bfb6-ee11-9078-0022486e6d69&pagetype=entityrecord&etn=crea6_annuitiesclientinstruction&id=aa153877-00cc-ee11-9078-7c1e520f16ae","IND","Wasif  Shaikh","1","0","0","","7322226","5da82587-cec1-ee11-9079-0022486e6d69","ba097438-ed0a-ed11-b83c-000d3af0653b"
"07a2d767-00cc-ee11-9078-7c1e520f16ae","2024-02-15 00:00:00.0000000","","2024-02-14 00:00:00.0000000","https://org5ae60135.crm8.dynamics.com/main.aspx?appid=36bc29c4-bfb6-ee11-9078-0022486e6d69&pagetype=entityrecord&etn=crea6_annuitiesclientinstruction&id=07a2d767-00cc-ee11-9078-7c1e520f16ae","USA","Intekhab Shaikh","1","0","0","","7322211","5da82587-cec1-ee11-9079-0022486e6d69","ba097438-ed0a-ed11-b83c-000d3af0653b"
