{"name":"ebe876aa-b84a-4500-ac48-9b574ed8b806","id":"/providers/Microsoft.Flow/flows/ebe876aa-b84a-4500-ac48-9b574ed8b806","type":"Microsoft.Flow/flows","properties":{"apiId":"/providers/Microsoft.PowerApps/apis/shared_logicflows","displayName":"Flow_ToCreateMeeting","definition":{"metadata":{"workflowEntityId":null,"processAdvisorMetadata":null,"flowChargedByPaygo":null,"flowclientsuspensionreason":"None","flowclientsuspensiontime":null,"flowclientsuspensionreasondetails":null,"creator":{"id":"ee4b2ae5-e2b0-4e42-a2fc-d17eac67369a","type":"User","tenantId":"7ffed34e-f98d-4f17-aee1-b52cb80697a9"},"provisioningMethod":"FromDefinition","failureAlertSubscription":true,"clientLastModifiedTime":"2024-04-04T11:45:03.9021336Z","connectionKeySavedTimeKey":"2024-04-04T11:45:03.9021336Z"},"$schema":"https://schema.management.azure.com/providers/Microsoft.Logic/schemas/2016-06-01/workflowdefinition.json#","contentVersion":"1.0.0.0","parameters":{"$connections":{"defaultValue":{},"type":"Object"},"$authentication":{"defaultValue":{},"type":"SecureObject"}},"triggers":{"manual":{"metadata":{"operationMetadataId":"713069b2-6249-48f4-a9a9-070c55224e3f"},"type":"Request","kind":"Http","inputs":{"schema":{"type":"object","properties":{"EmployeeID":{"type":"string"},"FirstName":{"type":"string"},"LastName":{"type":"string"},"Subject":{"type":"string"},"Message":{"type":"string"},"Timezone":{"type":"string"},"Starttime":{"type":"string"},"Endtime":{"type":"string"},"ItemLink":{"type":"string"},"crea6_employeesid":{"type":"string"}}},"triggerAuthenticationType":"All"}}},"actions":{"Create_a_Teams_meeting":{"runAfter":{"Initialize_variable-varAttendees":["Succeeded"]},"metadata":{"operationMetadataId":"c1ce59eb-0329-434e-b513-5111ce578653"},"type":"OpenApiConnection","inputs":{"host":{"apiId":"/providers/Microsoft.PowerApps/apis/shared_teams","connectionName":"shared_teams","operationId":"CreateTeamsMeeting"},"parameters":{"calendarid":"Calendar","item/subject":"@triggerBody()?['Subject']","item/body/content":"@triggerBody()?['Message']","item/timeZone":"@triggerBody()?['TimeZone']","item/start/dateTime":"@triggerBody()?['StartTime']","item/end/dateTime":"@triggerBody()?['EndTime']","item/requiredAttendees":"@variables('varAttendees')"},"authentication":"@parameters('$authentication')"}},"List_rows":{"runAfter":{"Initialize_variable-MeetingId":["Succeeded"]},"metadata":{"operationMetadataId":"927635d2-4981-4d32-a41d-84d0eb18a301"},"type":"OpenApiConnection","inputs":{"host":{"apiId":"/providers/Microsoft.PowerApps/apis/shared_commondataserviceforapps","connectionName":"shared_commondataserviceforapps","operationId":"ListRecords"},"parameters":{"entityName":"crea6_employeeses","$filter":"crea6_employeeid eq  '@{triggerBody()?['EmployeeID']}'"},"authentication":"@parameters('$authentication')"}},"Apply_to_each":{"foreach":"@outputs('List_rows')?['body/value']","actions":{"Update_a_row":{"runAfter":{},"metadata":{"operationMetadataId":"eecb8150-e3ad-4279-b4ee-f7dffdd31641"},"type":"OpenApiConnection","inputs":{"host":{"apiId":"/providers/Microsoft.PowerApps/apis/shared_commondataserviceforapps","connectionName":"shared_commondataserviceforapps","operationId":"UpdateRecord"},"parameters":{"entityName":"crea6_employeeses","recordId":"@items('Apply_to_each')?['crea6_employeesid']","item/crea6_meetingid":"@variables('varMeetingid')"},"authentication":"@parameters('$authentication')"}}},"runAfter":{"List_rows":["Succeeded"]},"metadata":{"operationMetadataId":"8a11b244-3e36-4d94-8472-46d3775dbf96"},"type":"Foreach"},"Initialize_variable-MeetingId":{"runAfter":{"Create_a_Teams_meeting":["Succeeded"]},"metadata":{"operationMetadataId":"3b8a85d6-ba93-47b7-a074-3d22985e10d7"},"type":"InitializeVariable","inputs":{"variables":[{"name":"varMeetingid","type":"string","value":"@outputs('Create_a_Teams_meeting')?['body/id']"}]}},"Initialize_variable-varItemLink":{"runAfter":{},"metadata":{"operationMetadataId":"ed1a1b98-7c98-4ceb-8278-70ac462eee66"},"type":"InitializeVariable","inputs":{"variables":[{"name":"varItemLink","type":"string","value":"@triggerBody()?['ItemLink']"}]}},"Initialize_variable-varPosition":{"runAfter":{"Initialize_variable-varItemLink":["Succeeded"]},"metadata":{"operationMetadataId":"a32383aa-c42b-4290-8960-026971664dfd"},"type":"InitializeVariable","inputs":{"variables":[{"name":"varPosition","type":"integer"}]}},"Initialize_variable-varTotalLength":{"runAfter":{"Initialize_variable-varPosition":["Succeeded"]},"metadata":{"operationMetadataId":"d4c358a2-0b98-4c1e-aaf4-73e2c1a4b894"},"type":"InitializeVariable","inputs":{"variables":[{"name":"varTotalLeng","type":"integer","value":"@length(variables('varItemLink'))"}]}},"Initialize_variable-varId":{"runAfter":{"Initialize_variable-varTotalLength":["Succeeded"]},"metadata":{"operationMetadataId":"b835f7a8-ccac-459c-afa0-4b3ad9c00e25"},"type":"InitializeVariable","inputs":{"variables":[{"name":"varId","type":"string"}]}},"Scope":{"actions":{"Set_variable-varPosition":{"runAfter":{},"metadata":{"operationMetadataId":"847e777f-f849-49f8-8faa-3b2372546ea7"},"type":"SetVariable","inputs":{"name":"varPosition","value":"@add(IndexOf(variables('varItemLink'),'&id='),4)"}},"Set_variable-varTotallength":{"runAfter":{"Set_variable-varPosition":["Succeeded"]},"metadata":{"operationMetadataId":"67438257-ae33-489f-8527-bb99cbf4bcb4"},"type":"SetVariable","inputs":{"name":"varTotalLeng","value":"@length(variables('varItemLink'))"}},"Substring":{"runAfter":{"Set_variable-varTotallength":["Succeeded"]},"metadata":{"operationMetadataId":"f2f6902d-bb7d-4786-805b-910ed6a9ac34"},"type":"Expression","kind":"Substring","inputs":{"text":"@variables('varItemLink')","startingPosition":"@variables('varPosition')","length":"@sub(variables('varTotalLeng'),variables('varPosition'))"}},"Set_variable-varId":{"runAfter":{"Substring":["Succeeded"]},"metadata":{"operationMetadataId":"281f92cb-f451-4200-88ef-f69039163e6f"},"type":"SetVariable","inputs":{"name":"varId","value":"@body('Substring')"}}},"runAfter":{"Initialize_variable-varId":["Succeeded"]},"metadata":{"operationMetadataId":"e54d9761-d59c-46ed-af0f-9bdd4c982066"},"type":"Scope"},"List_rows-new_crea6_employees_systemuserset":{"runAfter":{"Scope":["Succeeded"]},"metadata":{"operationMetadataId":"7c5183ff-84a2-44c7-8c56-60ca66e38ce4"},"type":"OpenApiConnection","inputs":{"host":{"apiId":"/providers/Microsoft.PowerApps/apis/shared_commondataserviceforapps","connectionName":"shared_commondataserviceforapps","operationId":"ListRecords"},"parameters":{"entityName":"new_crea6_employees_systemuserset","$filter":"crea6_employeesid eq '@{variables('varId')}'"},"authentication":"@parameters('$authentication')"}},"Initialize_variable-varUserId":{"runAfter":{"List_rows-new_crea6_employees_systemuserset":["Succeeded"]},"metadata":{"operationMetadataId":"f4d4f6b5-94ad-457f-bbd5-f23d4083983f"},"type":"InitializeVariable","inputs":{"variables":[{"name":"varUserId","type":"string"}]}},"Initialize_variable-varAllEmails":{"runAfter":{"Initialize_variable-varUserId":["Succeeded"]},"metadata":{"operationMetadataId":"45b450f1-7285-4873-be00-64b71d2819bc"},"type":"InitializeVariable","inputs":{"variables":[{"name":"varAllEmails","type":"string"}]}},"Initialize_variable-CurrentEmails":{"runAfter":{"Initialize_variable-varAllEmails":["Succeeded"]},"metadata":{"operationMetadataId":"fa8ad952-0ba7-4367-9d52-6ffbb61a67f2"},"type":"InitializeVariable","inputs":{"variables":[{"name":"varCurrentEmails","type":"string"}]}},"Apply_to_each-AllEmails":{"foreach":"@outputs('List_rows-new_crea6_employees_systemuserset')?['body/value']","actions":{"Compose-SystemUserId":{"runAfter":{},"metadata":{"operationMetadataId":"76688a7a-e2ca-42cb-8a7d-5f2abeb543b1"},"type":"Compose","inputs":"@items('Apply_to_each-AllEmails')?['systemuserid']"},"Set_variable-vsrUserId":{"runAfter":{"Compose-SystemUserId":["Succeeded"]},"metadata":{"operationMetadataId":"f484e4a8-6956-4d8a-b751-f21612ee2083"},"type":"SetVariable","inputs":{"name":"varUserId","value":"@{outputs('Compose-SystemUserId')}"}},"Get_a_row_by_ID-Users":{"runAfter":{"Set_variable-vsrUserId":["Succeeded"]},"metadata":{"operationMetadataId":"5bf053e9-683c-4c58-8681-957ca2404b55"},"type":"OpenApiConnection","inputs":{"host":{"apiId":"/providers/Microsoft.PowerApps/apis/shared_commondataserviceforapps","connectionName":"shared_commondataserviceforapps","operationId":"GetItem"},"parameters":{"entityName":"systemusers","recordId":"@variables('varUserId')"},"authentication":"@parameters('$authentication')"}},"Set_variable-varCurrentEmail":{"runAfter":{"Get_a_row_by_ID-Users":["Succeeded"]},"metadata":{"operationMetadataId":"29866f97-b158-4a85-acc3-db6a2b00835c"},"type":"SetVariable","inputs":{"name":"varCurrentEmails","value":"@outputs('Get_a_row_by_ID-Users')?['body/internalemailaddress']"}},"Compose-SeparatedEmails":{"runAfter":{"Set_variable-varCurrentEmail":["Succeeded"]},"metadata":{"operationMetadataId":"1bb708eb-fe20-4b84-b0dc-6b849a5d1ed3"},"type":"Compose","inputs":"@concat(variables('varAllEmails'),variables('varCurrentEmails'),';')"},"Set_variable-AllEmails":{"runAfter":{"Compose-SeparatedEmails":["Succeeded"]},"metadata":{"operationMetadataId":"29866f97-b158-4a85-acc3-db6a2b00835c"},"type":"SetVariable","inputs":{"name":"varAllEmails","value":"@{outputs('Compose-SeparatedEmails')}"}}},"runAfter":{"Initialize_variable-CurrentEmails":["Succeeded"]},"metadata":{"operationMetadataId":"a99348db-4879-4d15-a14f-5e9eef674e7d"},"type":"Foreach"},"Compose-AllEmails":{"runAfter":{"Apply_to_each-AllEmails":["Succeeded"]},"metadata":{"operationMetadataId":"b9a43234-e104-4851-be43-91d504ce64e6"},"type":"Compose","inputs":"@variables('varAllEmails')"},"Initialize_variable-varAttendees":{"runAfter":{"Compose-AllEmails":["Succeeded"]},"metadata":{"operationMetadataId":"c4e6e8aa-46e1-4467-abc1-f3258f48aa18"},"type":"InitializeVariable","inputs":{"variables":[{"name":"varAttendees","type":"string","value":"@{outputs('Compose-AllEmails')}"}]}}}},"connectionReferences":{"shared_teams":{"connectionName":"shared-teams-58af3d9f-0f80-4f04-ab8a-e379f6e0b89d","source":"Embedded","id":"/providers/Microsoft.PowerApps/apis/shared_teams","tier":"NotSpecified"},"shared_commondataserviceforapps":{"connectionName":"shared-commondataser-6fdb6ad7-8639-4cb9-98d9-113a0e2aa4a6","source":"Embedded","id":"/providers/Microsoft.PowerApps/apis/shared_commondataserviceforapps","tier":"NotSpecified"}},"flowFailureAlertSubscribed":false,"isManaged":false}}