<ImportExportXml xmlns:xsi="http://www.w3.org/2001/XMLSchema-instance">
  <Entities>
    <Entity>
      <Name LocalizedName="Employees" OriginalName="crea6_employeeses 5">crc7f_crea6_employeeses5</Name>
      <EntityInfo>
        <entity Name="crc7f_crea6_employeeses5" unmodified="1">
          <attributes />
        </entity>
      </EntityInfo>
      <RibbonDiffXml>
        <CustomActions>
          <CustomAction Id="new.crc7f_crea6_employeeses5.Button2.Button.CustomAction" Location="Mscrm.Form.crc7f_crea6_employeeses5.MainTab.Save.Controls._children" Sequence="15">
            <CommandUIDefinition>
              <Button Command="new.crc7f_crea6_employeeses5.Command0.Command" Id="new.crc7f_crea6_employeeses5.Button2.Button" LabelText="$LocLabels:new.crc7f_crea6_employeeses5.Button2.Button.LabelText" Sequence="15" TemplateAlias="o1" />
            </CommandUIDefinition>
          </CustomAction>
        </CustomActions>
        <Templates>
          <RibbonTemplates Id="Mscrm.Templates"></RibbonTemplates>
        </Templates>
        <CommandDefinitions>
          <CommandDefinition Id="new.crc7f_crea6_employeeses5.Command0.Command">
            <EnableRules />
            <DisplayRules>
              <DisplayRule Id="new.crc7f_crea6_employeeses5.DisplayRule0.DisplayRule" />
            </DisplayRules>
            <Actions>
              <JavaScriptFunction FunctionName="sayhello" Library="$webresource:new_CreateMeetingEvents">
                <CrmParameter Value="PrimaryControl" />
              </JavaScriptFunction>
            </Actions>
          </CommandDefinition>
        </CommandDefinitions>
        <RuleDefinitions>
          <TabDisplayRules />
          <DisplayRules>
            <DisplayRule Id="new.crc7f_crea6_employeeses5.DisplayRule0.DisplayRule">
              <FormStateRule State="Existing" />
            </DisplayRule>
          </DisplayRules>
          <EnableRules>
            <EnableRule Id="new.crc7f_crea6_employeeses5.EnableRule0.EnableRule">
              <FormStateRule State="Existing" />
            </EnableRule>
          </EnableRules>
        </RuleDefinitions>
        <LocLabels>
          <LocLabel Id="new.crc7f_crea6_employeeses5.Button2.Button.LabelText">
            <Titles>
              <Title description="MEET NOW" languagecode="1033" />
            </Titles>
          </LocLabel>
        </LocLabels>
      </RibbonDiffXml>
    </Entity>
  </Entities>
  <Roles></Roles>
  <Workflows></Workflows>
  <FieldSecurityProfiles></FieldSecurityProfiles>
  <Templates />
  <EntityMaps />
  <EntityRelationships />
  <OrganizationSettings />
  <optionsets />
  <WebResources>
    <WebResource>
      <WebResourceId>{cf5905c2-fb97-ee11-be37-000d3ac9dd6f}</WebResourceId>
      <Name>new_CreateMeetingEvents</Name>
      <DisplayName>CreateMeetingEvents</DisplayName>
      <LanguageCode>0</LanguageCode>
      <WebResourceType>3</WebResourceType>
      <IntroducedVersion>1.0.0.0</IntroducedVersion>
      <IsEnabledForMobileClient>0</IsEnabledForMobileClient>
      <IsAvailableForMobileOffline>0</IsAvailableForMobileOffline>
      <IsCustomizable>1</IsCustomizable>
      <CanBeDeleted>1</CanBeDeleted>
      <IsHidden>0</IsHidden>
      <FileName>/WebResources/new_CreateMeetingEventsCF5905C2-FB97-EE11-BE37-000D3AC9DD6F</FileName>
    </WebResource>
  </WebResources>
  <CustomControls />
  <AppModules>
    <AppModule>
      <UniqueName>new_App_Test_Meet</UniqueName>
      <IntroducedVersion>1.0.0.0</IntroducedVersion>
      <WebResourceId>953b9fac-1e5e-e611-80d6-00155ded156f</WebResourceId>
      <OptimizedFor></OptimizedFor>
      <statecode>0</statecode>
      <statuscode>1</statuscode>
      <FormFactor>1</FormFactor>
      <ClientType>4</ClientType>
      <NavigationType>0</NavigationType>
      <AppModuleComponents>
        <AppModuleComponent type="1" schemaName="crc7f_crea6_employeeses5" />
        <AppModuleComponent type="62" schemaName="new_App_Test_Meet" />
      </AppModuleComponents>
      <AppModuleRoleMaps>
        <Role id="{627090ff-40a3-4053-8790-584edc5be201}" />
        <Role id="{119f245c-3cc8-4b62-b31c-d1a046ced15d}" />
      </AppModuleRoleMaps>
      <LocalizedNames>
        <LocalizedName description="App_Test_Meet" languagecode="1033" />
      </LocalizedNames>
    </AppModule>
  </AppModules>
  <EntityDataProviders />
  <Languages>
    <Language>1033</Language>
  </Languages>
</ImportExportXml>