{"name":"a08e388f-675a-4c92-9c2c-ebfacb69bdbd","id":"/providers/Microsoft.Flow/flows/a08e388f-675a-4c92-9c2c-ebfacb69bdbd","type":"Microsoft.Flow/flows","properties":{"apiId":"/providers/Microsoft.PowerApps/apis/shared_logicflows","displayName":"Flow_GetMeetingDetails","definition":{"metadata":{"workflowEntityId":null,"processAdvisorMetadata":null,"flowChargedByPaygo":null,"flowclientsuspensionreason":"None","flowclientsuspensiontime":null,"flowclientsuspensionreasondetails":null,"creator":{"id":"ee4b2ae5-e2b0-4e42-a2fc-d17eac67369a","type":"User","tenantId":"7ffed34e-f98d-4f17-aee1-b52cb80697a9"},"provisioningMethod":"FromDefinition","failureAlertSubscription":true,"clientLastModifiedTime":"2023-12-19T10:11:37.2232835Z","connectionKeySavedTimeKey":"2023-12-19T10:11:37.2232835Z"},"$schema":"https://schema.management.azure.com/providers/Microsoft.Logic/schemas/2016-06-01/workflowdefinition.json#","contentVersion":"1.0.0.0","parameters":{"$authentication":{"defaultValue":{},"type":"SecureObject"}},"triggers":{"manual":{"metadata":{"operationMetadataId":"6a1e6d97-175c-45bf-b36a-28605764bb68"},"type":"Request","kind":"Http","inputs":{"schema":{"type":"object","properties":{"meetingId":{"type":"string"}}},"triggerAuthenticationType":"All"}}},"actions":{"HTTP_-_Get_Access_Token":{"runAfter":{},"metadata":{"operationMetadataId":"717db875-112b-4c47-b402-3e506f4378db"},"type":"Http","inputs":{"method":"POST","uri":"https://login.microsoftonline.com/7ffed34e-f98d-4f17-aee1-b52cb80697a9/oauth2/v2.0/token","headers":{"Content-type":"application/x-www-form-urlencoded"},"body":"grant_type=client_credentials\n&client_id=8a9de4e0-49a3-4913-ae57-189a25843f6b\n&client_secret=jJG8Q~66m9tOnob7B.7ykIhIbMcR.xlCc4ApQav1\n&scope=https://graph.microsoft.com/.default"}},"Initialize_variable_-_Get_Access_Token":{"runAfter":{"Parse_JSON_-_Get_Access_Token":["Succeeded"]},"metadata":{"operationMetadataId":"47c032f8-433c-410c-9607-366789d10727"},"type":"InitializeVariable","inputs":{"variables":[{"name":"varAccessToken","type":"string","value":"@body('Parse_JSON_-_Get_Access_Token')?['access_token']"}]}},"HTTP_-_Get_Meeting_Info":{"runAfter":{"Initialize_variable_-_Get_Access_Token":["Succeeded"]},"metadata":{"operationMetadataId":"65afdb7a-8ac5-447c-939b-71b431ec0315"},"type":"Http","inputs":{"method":"GET","uri":"https://graph.microsoft.com/v1.0/users/wasekamil.shaikh@springuplabs.com/events/@{triggerBody()?['meetingid']}","headers":{"Application-type":"application/json","Authorization":"@variables('varAccessToken')"}}},"Parse_JSON_2":{"runAfter":{"HTTP_-_Get_Meeting_Info":["Succeeded"]},"metadata":{"operationMetadataId":"dd9056f7-0afc-4f88-aa86-b1b8988fd231"},"type":"ParseJson","inputs":{"content":"@body('HTTP_-_Get_Meeting_Info')","schema":{"type":"object","properties":{"@@odata.context":{"type":"string"},"@@odata.etag":{"type":"string"},"id":{"type":"string"},"createdDateTime":{"type":"string"},"lastModifiedDateTime":{"type":"string"},"changeKey":{"type":"string"},"categories":{"type":"array"},"transactionId":{},"originalStartTimeZone":{"type":"string"},"originalEndTimeZone":{"type":"string"},"iCalUId":{"type":"string"},"reminderMinutesBeforeStart":{"type":"integer"},"isReminderOn":{"type":"boolean"},"hasAttachments":{"type":"boolean"},"subject":{"type":"string"},"bodyPreview":{"type":"string"},"importance":{"type":"string"},"sensitivity":{"type":"string"},"isAllDay":{"type":"boolean"},"isCancelled":{"type":"boolean"},"isOrganizer":{"type":"boolean"},"responseRequested":{"type":"boolean"},"seriesMasterId":{},"showAs":{"type":"string"},"type":{"type":"string"},"webLink":{"type":"string"},"onlineMeetingUrl":{},"isOnlineMeeting":{"type":"boolean"},"onlineMeetingProvider":{"type":"string"},"allowNewTimeProposals":{"type":"boolean"},"occurrenceId":{},"isDraft":{"type":"boolean"},"hideAttendees":{"type":"boolean"},"responseStatus":{"type":"object","properties":{"response":{"type":"string"},"time":{"type":"string"}}},"body":{"type":"object","properties":{"contentType":{"type":"string"},"content":{"type":"string"}}},"start":{"type":"object","properties":{"dateTime":{"type":"string"},"timeZone":{"type":"string"}}},"end":{"type":"object","properties":{"dateTime":{"type":"string"},"timeZone":{"type":"string"}}},"location":{"type":"object","properties":{"displayName":{"type":"string"},"locationType":{"type":"string"},"uniqueId":{"type":"string"},"uniqueIdType":{"type":"string"}}},"locations":{"type":"array","items":{"type":"object","properties":{"displayName":{"type":"string"},"locationType":{"type":"string"},"uniqueId":{"type":"string"},"uniqueIdType":{"type":"string"}},"required":["displayName","locationType","uniqueId","uniqueIdType"]}},"recurrence":{},"attendees":{"type":"array"},"organizer":{"type":"object","properties":{"emailAddress":{"type":"object","properties":{"name":{"type":"string"},"address":{"type":"string"}}}}},"onlineMeeting":{"type":"object","properties":{"joinUrl":{"type":"string"}}},"calendar@odata.associationLink":{"type":"string"},"calendar@odata.navigationLink":{"type":"string"}}}}},"Parse_JSON_-_Get_Access_Token":{"runAfter":{"HTTP_-_Get_Access_Token":["Succeeded"]},"metadata":{"operationMetadataId":"03441cfe-59c4-43e0-97c6-06b8a782590b"},"type":"ParseJson","inputs":{"content":"@body('HTTP_-_Get_Access_Token')","schema":{"type":"object","properties":{"token_type":{"type":"string"},"expires_in":{"type":"integer"},"ext_expires_in":{"type":"integer"},"access_token":{"type":"string"}}}}},"Initialize_variable_-_Subject":{"runAfter":{"Parse_JSON_2":["Succeeded"]},"metadata":{"operationMetadataId":"73f64754-128a-4390-ba24-55a17244dd88"},"type":"InitializeVariable","inputs":{"variables":[{"name":"varSubject","type":"string","value":"@body('Parse_JSON_2')?['subject']"}]}},"Initialize_variable_-_ID":{"runAfter":{"Initialize_variable_-_Subject":["Succeeded"]},"metadata":{"operationMetadataId":"67cfa3ad-60e7-4bb5-b9fe-25275b0955a3"},"type":"InitializeVariable","inputs":{"variables":[{"name":"varMeetingid","type":"string","value":"@body('Parse_JSON_2')?['id']"}]}},"Compose_-_JSON_for_Response":{"runAfter":{"Initialize_variable_-_Content":["Succeeded"]},"metadata":{"operationMetadataId":"f629415a-1757-4ff4-bb1a-a56f9775056a"},"type":"Compose","inputs":{"Subject":"@{variables('varSubject')}","MeetingID":"@{variables('varMeetingid')}","TimeZone":"@{body('Parse_JSON_2')?['start']?['timeZone']}","Content":"@{variables('varContent')}"}},"Response":{"runAfter":{"Compose_-_JSON_for_Response":["Succeeded"]},"metadata":{"operationMetadataId":"0b32d199-4b76-4879-bcb4-f170500bc3d9"},"type":"Response","kind":"Http","inputs":{"statusCode":200,"body":"@outputs('Compose_-_JSON_for_Response')","schema":{"type":"object","properties":{"Subject":{"type":"string"},"MeetingID":{"type":"string"}}}}},"Initialize_variable_-_TimeZone":{"runAfter":{"Initialize_variable_-_ID":["Succeeded"]},"metadata":{"operationMetadataId":"52861559-f8e6-438a-b387-21e93e419aa7"},"type":"InitializeVariable","inputs":{"variables":[{"name":"varTimeZone","type":"string","value":"@body('Parse_JSON_2')?['start']?['timeZone']"}]}},"Initialize_variable_-_Content":{"runAfter":{"Initialize_variable_-_TimeZone":["Succeeded"]},"metadata":{"operationMetadataId":"52861559-f8e6-438a-b387-21e93e419aa7"},"type":"InitializeVariable","inputs":{"variables":[{"name":"varContent","type":"string","value":"@body('Parse_JSON_2')?['body']?['content']"}]}}}},"connectionReferences":{},"flowFailureAlertSubscribed":false,"isManaged":false}}