﻿"crea6_activitytype","crea6_attendees","crea6_description","crea6_enddate","importsequencenumber","crea6_instructionprojectid","crea6_instructiontype","crea6_jurisdiction","crea6_meetingid","crea6_message","crea6_name","crea6_startdate","statuscode","statecode","crea6_subject","timezoneruleversionnumber","crea6_timezone","crea6_title","utcconversiontimezonecode","versionnumber","owningbusinessunit"
"Active","","","2024-04-15 08:30:00.0000000","","b9956cb8-36ca-ee11-9078-7c1e520f16ae","Owner","INDIA","","Must Join","Adil Shaikh","2024-04-15 07:00:00.0000000","1","0","For Righthub","0","Eastern Standard Time","3","","8177574","ba097438-ed0a-ed11-b83c-000d3af0653b"
"Pending","Ansar.shaikh@springuplabs.com","","2024-04-12 09:00:00.0000000","","3bc04118-c3e1-ee11-904c-002248d4f904","Owner","United Kingdom","","Must Join","Ralph S","2024-04-12 08:30:00.0000000","1","0","For Deploy","0","Eastern Standard Time","E000S2146","","8145531","ba097438-ed0a-ed11-b83c-000d3af0653b"
"Pendding","AnsarShaikh@springuplabs.com","","2024-02-02 02:30:00.0000000","","8e422e67-cec1-ee11-9079-0022486e6d69","Owner","Canada","AAMkAGE1ZDY0NTUwLWI1NzAtNDY1ZC05NmNlLWVkZjRhZjA5OGNlYgBGAAAAAADNK1DG-ahMQIy43ILp9pGJBwC7OR04RU5FTI1XBVGTm0B3AAAAAAENAAC7OR04RU5FTI1XBVGTm0B3AACD5icwAAA=","Must Join","Ralph S","2024-02-02 02:30:00.0000000","1","0","For DynamicsTest","0","EST","6","","7672713","ba097438-ed0a-ed11-b83c-000d3af0653b"
"Pending","Ansar.shaikh@springuplabs.com","","2024-02-21 09:00:00.0000000","","c4f5922e-8fd0-ee11-904c-7c1e520f16ae","Client","Srilanka","AAMkAGE1ZDY0NTUwLWI1NzAtNDY1ZC05NmNlLWVkZjRhZjA5OGNlYgBGAAAAAADNK1DG-ahMQIy43ILp9pGJBwC7OR04RU5FTI1XBVGTm0B3AAAAAAENAAC7OR04RU5FTI1XBVGTm0B3AAByKxHAAAA=","Must Join","Imran Khan","2024-02-21 08:30:00.0000000","1","0","For Check Dynamically","0","Eastern Standard Time","","","7451795","ba097438-ed0a-ed11-b83c-000d3af0653b"
