{"name":"ebe876aa-b84a-4500-ac48-9b574ed8b806","id":"/providers/Microsoft.Flow/flows/ebe876aa-b84a-4500-ac48-9b574ed8b806","type":"Microsoft.Flow/flows","properties":{"apiId":"/providers/Microsoft.PowerApps/apis/shared_logicflows","displayName":"RequestToCreateMeeting","definition":{"metadata":{"workflowEntityId":null,"processAdvisorMetadata":null,"flowChargedByPaygo":null,"flowclientsuspensionreason":"None","flowclientsuspensiontime":null,"flowclientsuspensionreasondetails":null,"creator":{"id":"ee4b2ae5-e2b0-4e42-a2fc-d17eac67369a","type":"User","tenantId":"7ffed34e-f98d-4f17-aee1-b52cb80697a9"},"provisioningMethod":"FromDefinition","failureAlertSubscription":true,"clientLastModifiedTime":"2023-12-11T08:54:27.3236848Z","connectionKeySavedTimeKey":"2023-12-11T08:54:27.3236848Z"},"$schema":"https://schema.management.azure.com/providers/Microsoft.Logic/schemas/2016-06-01/workflowdefinition.json#","contentVersion":"1.0.0.0","parameters":{"$connections":{"defaultValue":{},"type":"Object"},"$authentication":{"defaultValue":{},"type":"SecureObject"}},"triggers":{"manual":{"metadata":{"operationMetadataId":"713069b2-6249-48f4-a9a9-070c55224e3f"},"type":"Request","kind":"Http","inputs":{"schema":{"type":"object","properties":{"EmployeeID":{"type":"string"},"FirstName":{"type":"string"},"LastName":{"type":"string"},"Subject":{"type":"string"},"Message":{"type":"string"},"TimeZone":{"type":"string"},"Starttime":{"type":"string"},"Endtime":{"type":"string"}}},"triggerAuthenticationType":"All"}}},"actions":{"Create_a_Teams_meeting":{"runAfter":{},"metadata":{"operationMetadataId":"c1ce59eb-0329-434e-b513-5111ce578653"},"type":"OpenApiConnection","inputs":{"host":{"apiId":"/providers/Microsoft.PowerApps/apis/shared_teams","connectionName":"shared_teams","operationId":"CreateTeamsMeeting"},"parameters":{"calendarid":"Calendar","item/subject":"@triggerBody()?['Subject']","item/body/content":"   @{triggerBody()?['Message']}\n       \n       \n       ","item/timeZone":"@triggerBody()?['TimeZone']","item/start/dateTime":"@triggerBody()?['StartTime']","item/end/dateTime":"@triggerBody()?['EndTime']","item/requiredAttendees":"@triggerBody()?['Attendees']"},"authentication":"@parameters('$authentication')"}}}},"connectionReferences":{"shared_teams":{"connectionName":"shared-teams-58af3d9f-0f80-4f04-ab8a-e379f6e0b89d","source":"Embedded","id":"/providers/Microsoft.PowerApps/apis/shared_teams","tier":"NotSpecified"}},"flowFailureAlertSubscribed":false,"isManaged":false}}